Entity1;Entity2;ClickstreamEnt1Ent2;PopularityEnt1;PopularityEnt2;PopularityDiff;PopularitySum;CosineSimilarityEnt1Ent2;DBpediaSimilarityEnt1Ent2;DBpediaRelatednessEnt1Ent2;PalmaInterestingnessEnt1Ent2
'Alexander_the_Great'; 'Malaria';38;113391.33;65005.71;48385.62;178397.04;0.22;0.01;0.66;15.63
'Alexander_the_Great'; 'Cassander';217;113391.33;5914.45;107476.88;119305.78;0.5;0.92;0.25;3.14
'Alexander_the_Great'; 'Leonidas_of_Epirus';488;113391.33;406.0;112985.33;113797.33;0.41;0.33;0.42;0.97
'Alexander_the_Great'; 'Pisidia';18;113391.33;774.87;112616.46;114166.2;0.29;0.15;0.37;5.05
'Alexander_the_Great'; 'Acropolis_of_Athens';27;113391.33;19874.0;93517.33;133265.33;0.34;0.14;0.42;6.26
'Alexander_the_Great'; 'Gates_of_Alexander';88;113391.33;1799.67;111591.66;115191.0;0.45;0.09;0.39;2.82
'Alexander_the_Great'; 'Achilles_and_Patroclus';346;113391.33;5402.33;107989.0;118793.66;0.29;0.01;0.43;5.25
'Alexander_the_Great'; 'Seleucid_Empire';402;113391.33;14381.67;99009.66;127773.0;0.48;0.14;0.2;0.14
'Alexander_the_Great'; 'Rome';20;113391.33;129003.51;15612.18;242394.84;0.49;0.14;0.68;9.29
'Alexander_the_Great'; 'Elateia';14;113391.33;191.04;113200.29;113582.37;0.27;0.13;0.41;5.67
'Alexander_the_Great'; 'Troy';77;113391.33;31346.33;82045.0;144737.66;0.38;0.01;0.36;5.65
'Alexander_the_Great'; 'Siege_of_Cyropolis';96;113391.33;144.0;113247.33;113535.33;0.39;0.09;0.25;1.27
'Alexander_the_Great'; 'Eratosthenes';37;113391.33;24476.87;88914.46;137868.2;0.35;0.29;0.36;2.73
'Alexander_the_Great'; 'Battle_of_Issus';927;113391.33;3329.33;110062.0;116720.66;0.59;0.1;0.21;0.35
'Alexander_the_Great'; 'Josephus';17;113391.33;17907.43;95483.9;131298.76;0.31;0.34;0.35;3.04
'Alexander_the_Great'; 'Halicarnassus';48;113391.33;4468.95;108922.38;117860.28;0.39;0.12;0.32;3.0
'Alexander_the_Great'; 'Priene';16;113391.33;1171.96;112219.37;114563.29;0.36;0.12;0.36;4.73
'Alexander_the_Great'; 'Issue_(genealogy)';135;113391.33;560.34;112830.99;113951.67;0.14;0.01;0;1.34
'Alexander_the_Great'; 'Babylon';4385;113391.33;127920.35;14529.02;241311.68;0.42;0.13;0.23;0.67
'Alexander_the_Great'; 'Babylon';4385;113391.33;127920.35;14529.02;241311.68;0.42;0.13;0.23;0.67
'Alexander_the_Great'; 'Tutankhamun';18;113391.33;91936.99;21454.34;205328.32;0.41;0.69;0.45;0.0
'Alexander_the_Great'; 'Sparta';105;113391.33;41844.0;71547.33;155235.33;0.47;0.12;0.27;1.38
'Alexander_the_Great'; 'Historiography_of_Alexander_the_Great';311;113391.33;664.67;112726.66;114056.0;0.7;0.01;0.34;0.75
'Alexander_the_Great'; 'Boeotia';11;113391.33;6172.57;107218.76;119563.9;0.41;0.16;0.33;4.12
'Alexander_the_Great'; 'Seleucia';16;113391.33;3819.83;109571.5;117211.16;0.34;0.13;0.35;5.36
'Alexander_the_Great'; 'Athenaeus';17;113391.33;1792.42;111598.91;115183.75;0.28;0.31;0.39;3.79
'Alexander_the_Great'; 'Siege_of_Gaza';567;113391.33;438.33;112953.0;113829.66;0.48;0.09;0.24;0.5
'Alexander_the_Great'; 'Molossians';35;113391.33;1776.84;111614.49;115168.17;0.47;0.13;0.32;2.0
'Alexander_the_Great'; 'Gaza_City';152;113391.33;6224.33;107167.0;119615.66;0.33;0.13;0.33;2.99
'Alexander_the_Great'; 'Afghanistan';11;113391.33;191101.79;77710.46;304493.12;0.42;0.16;0.5;9.3
'Alexander_the_Great'; 'Cappadocian_Greeks';131;113391.33;1156.33;112235.0;114547.66;0.43;0.14;0.38;2.15
'Alexander_the_Great'; 'Selim_I';12;113391.33;6498.67;106892.66;119890.0;0.32;0.92;0.45;1.16
'Alexander_the_Great'; 'Calicheamicin';194;113391.33;797.37;112593.96;114188.7;0.28;0.1;0.63;4.93
'Alexander_the_Great'; 'Somatophylakes';22;113391.33;1078.95;112312.38;114470.28;0.28;0.11;0.34;5.26
'Alexander_the_Great'; 'Genghis_Khan';112;113391.33;101913.33;11478.0;215304.66;0.35;0.83;0.39;1.2
'Alexander_the_Great'; 'Alexander_the_Great_in_legend';140;113391.33;466.33;112925.0;113857.66;0.77;0.01;0.33;0.41
'Alexander_the_Great'; 'Fire_from_Heaven';34;113391.33;323.67;113067.66;113715.0;0.7;0.09;0.31;0.18
'Alexander_the_Great'; 'Alexander_Romance';248;113391.33;518.67;112872.66;113910.0;0.57;0.01;0.36;1.59
'Alexander_the_Great'; 'Taxila';52;113391.33;21426.67;91964.66;134818.0;0.33;0.12;0.33;4.41
'Alexander_the_Great'; 'Artemis';63;113391.33;74770.43;38620.9;188161.76;0.37;0.09;0.33;4.49
'Alexander_the_Great'; 'Harpalus';41;113391.33;514.17;112877.16;113905.5;0.37;0.37;0.37;1.18
'Alexander_the_Great'; 'Illyria';523;113391.33;11653.78;101737.55;125045.11;0.31;0.15;0.35;2.73
'Alexander_the_Great'; 'Amphipolis';74;113391.33;2820.11;110571.22;116211.44;0.42;0.12;0.31;2.16
'Alexander_the_Great'; 'Alexander_Hamilton';20;113391.33;159505.67;46114.34;272897.0;0.53;0.4;0.71;5.69
'Alexander_the_Great'; 'Makran';28;113391.33;2840.71;110550.62;116232.04;0.33;0.16;0.41;4.89
'Alexander_the_Great'; 'Delos';13;113391.33;7183.53;106207.8;120574.86;0.37;0.14;0.36;5.6
'Alexander_the_Great'; 'Null';13;113391.33;545477.78;432086.45;658869.11;0.09;0.01;0;9.56
'Alexander_the_Great'; 'Spondylitis';41;113391.33;6325.26;107066.07;119716.59;0.14;0.01;0;2.31
'Alexander_the_Great'; 'Lysimachus';110;113391.33;4133.6;109257.73;117524.93;0.38;0.71;0.25;2.17
'Alexander_the_Great'; 'Caracalla';88;113391.33;12766.86;100624.47;126158.19;0.34;0.59;0.38;0.18
'Alexander_the_Great'; 'Iskandariya';53;113391.33;361.58;113029.75;113752.91;0.27;0.13;0.45;4.45
'Alexander_the_Great'; 'Alexander_Sarcophagus';744;113391.33;1141.0;112250.33;114532.33;0.51;0.13;0.36;1.1
'Alexander_the_Great'; 'Macedonia';19;113391.33;11426.33;101965.0;124817.66;0.15;0.01;0.47;17.5
'Alexander_the_Great'; 'Chronology_of_the_expedition_of_Alexander_the_Great_into_Asia';214;113391.33;366.0;113025.33;113757.33;0.3;0.01;0.27;2.94
'Alexander_the_Great'; 'Pompey';176;113391.33;38253.72;75137.61;151645.05;0.41;0.36;0.3;0.21
'Alexander_the_Great'; 'Anaximenes_of_Lampsacus';58;113391.33;127.0;113264.33;113518.33;0.36;0.3;0.4;1.54
'Alexander_the_Great'; 'Thasos';14;113391.33;2627.01;110764.32;116018.34;0.35;0.17;0.41;5.63
'Alexander_the_Great'; 'Constantine_the_Great';22;113391.33;33687.33;79704.0;147078.66;0.35;0.56;0.38;0.48
'Alexander_the_Great'; 'Callisthenes';30;113391.33;820.0;112571.33;114211.33;0.44;0.36;0.34;0.54
'Alexander_the_Great'; 'Equestrian_statue';14;113391.33;2480.0;110911.33;115871.33;0.33;0.14;0.54;8.31
'Alexander_the_Great'; 'Greco-Buddhist_monasticism';12;113391.33;174.67;113216.66;113566.0;0.32;0.01;0.41;7.37
'Alexander_the_Great'; 'Philip_III_of_Macedon';2104;113391.33;2379.67;111011.66;115771.0;0.53;0.91;0.25;2.06
'Alexander_the_Great'; 'Jandial';13;113391.33;188.95;113202.38;113580.28;0.31;0.01;0.41;7.42
'Alexander_the_Great'; 'Coenus_(general)';49;113391.33;536.28;112855.05;113927.61;0.34;0.58;0.31;0.54
'Alexander_the_Great'; 'Greco-Buddhist_monasticism';12;113391.33;174.67;113216.66;113566.0;0.32;0.0;0.41;7.37
'Alexander_the_Great'; 'Serapis';13;113391.33;8241.04;105150.29;121632.37;0.28;0.1;0.36;8.5
'Alexander_the_Great'; 'Chronology_of_the_expedition_of_Alexander_the_Great_into_Asia';214;113391.33;366.0;113025.33;113757.33;0.3;0.0;0.27;2.94
'Alexander_the_Great'; 'Coenus_(general)';49;113391.33;536.28;112855.05;113927.61;0.34;0.58;0.31;0.54
'Alexander_the_Great'; 'Olympias';3560;113391.33;11878.07;101513.26;125269.4;0.47;0.35;0.24;0.58
'Alexander_the_Great'; 'Mount_Olympus';67;113391.33;20607.89;92783.44;133999.22;0.36;0.16;0.4;4.16
'Alexander_the_Great'; 'History_of_Syria';10;113391.33;3402.33;109989.0;116793.66;0.41;0.0;0.36;7.94
'Alexander_the_Great'; 'Hetaira';70;113391.33;4306.84;109084.49;117698.17;0.25;0.33;0.48;3.78
'Alexander_the_Great'; 'Equestrian_statue';14;113391.33;2480.0;110911.33;115871.33;0.33;0.14;0.54;8.31
'Alexander_the_Great'; 'Seal_(emblem)';76;113391.33;10472.32;102919.01;123863.65;0.38;0.09;0.57;6.1
'Alexander_the_Great'; 'Magadha';17;113391.33;18493.71;94897.62;131885.04;0.27;0.15;0.39;7.93
'Alexander_the_Great'; 'Pompey';176;113391.33;38253.72;75137.61;151645.05;0.41;0.36;0.3;0.21
'Alexander_the_Great'; 'Nebuchadnezzar_II';1552;113391.33;18293.33;95098.0;131684.66;0.37;0.55;0.35;0.08
'Alexander_the_Great'; 'Arrian';25;113391.33;2946.84;110444.49;116338.17;0.47;0.41;0.25;1.59
'Alexander_the_Great'; 'Perinthus';15;113391.33;156.73;113234.6;113548.06;0.25;0.0;0.43;8.29
'Alexander_the_Great'; 'Constantine_the_Great';22;113391.33;33687.33;79704.0;147078.66;0.35;0.56;0.38;0.48
'Alexander_the_Great'; 'Military_academy';199;113391.33;3975.0;109416.33;117366.33;0.25;0.0;0.65;7.78
'Alexander_the_Great'; 'Mental_health';11;113391.33;19853.0;93538.33;133244.33;0.28;0.13;0.79;16.34
'Alexander_the_Great'; 'Greco-Bactrian_Kingdom';25;113391.33;8054.74;105336.59;121446.07;0.54;0.15;0.28;0.74
'Alexander_the_Great'; 'Justin_(historian)';193;113391.33;1685.96;111705.37;115077.29;0.22;0.33;0.34;1.88
'Alexander_the_Great'; 'Phalanx';386;113391.33;17000.0;96391.33;130391.33;0.39;0.1;0.37;2.88
'Alexander_the_Great'; 'Richard_Burton';16;113391.33;28327.67;85063.66;141719.0;0.35;0.32;0.53;6.26
'Alexander_the_Great'; 'Veratrum_album';232;113391.33;544.67;112846.66;113936.0;0.28;0.33;0.53;2.45
'Alexander_the_Great'; 'India';22;113391.33;843615.93;730224.6;957007.26;0.38;0.16;0.82;12.17
'Alexander_the_Great'; 'Tajikistan';13;113391.33;71886.21;41505.12;185277.54;0.34;0.16;0.46;9.32
'Alexander_the_Great'; 'Callisthenes';30;113391.33;820.0;112571.33;114211.33;0.44;0.36;0.34;0.54
'Alexander_the_Great'; 'Ptolemy';12;113391.33;43671.68;69719.65;157063.01;0.41;0.29;0.37;3.38
'Alexander_the_Great'; 'Rositsa_(river)';25;113391.33;92.98;113298.35;113484.31;0.18;0.2;0.6;5.81
'Alexander_the_Great'; 'Anaximenes_of_Lampsacus';58;113391.33;127.0;113264.33;113518.33;0.36;0.3;0.4;1.54
'Alexander_the_Great'; 'Seven_Wonders_of_the_Ancient_World';217;113391.33;39678.33;73713.0;153069.66;0.38;0.21;0.35;2.22
'Alexander_the_Great'; 'Temenus';11;113391.33;451.05;112940.28;113842.38;0.32;0.55;0.4;1.05
'Alexander_the_Great'; 'Chandragupta_Maurya';90;113391.33;65626.0;47765.33;179017.33;0.31;0.6;0.3;0.84
'Alexander_the_Great'; 'Parysatis_II';3814;113391.33;1376.33;112015.0;114767.66;0.44;0.6;0.34;0.42
'Alexander_the_Great'; 'Hephaestion';2166;113391.33;13039.39;100351.94;126430.72;0.61;0.61;0.2;2.38
'Alexander_the_Great'; 'Ancient_Rome';10;113391.33;30030.0;83361.33;143421.33;0.59;0.16;0.37;2.71
'Alexander_the_Great'; 'Chalkidiki';60;113391.33;2707.89;110683.44;116099.22;0.3;0.16;0.4;4.19
'Alexander_the_Great'; 'Philip_III_of_Macedon';2104;113391.33;2379.67;111011.66;115771.0;0.53;0.91;0.25;2.06
'Alexander_the_Great'; 'Mary_Renault';12;113391.33;1125.0;112266.33;114516.33;0.35;0.29;0.35;2.75
'Alexander_the_Great'; 'Leonnatus';48;113391.33;440.53;112950.8;113831.86;0.43;0.58;0.32;0.85
'Alexander_the_Great'; 'Banquet';13;113391.33;7492.31;105899.02;120883.64;0.35;0.0;0.64;13.74
'Alexander_the_Great'; 'Pangaion_Hills';13;113391.33;161.33;113230.0;113552.66;0.19;0.19;0.47;6.68
'Alexander_the_Great'; 'West_Nile_virus';46;113391.33;3783.67;109607.66;117175.0;0.31;0.07;0.84;9.55
'Alexander_the_Great'; 'Achaemenid_Assyria';28;113391.33;636.33;112755.0;114027.66;0.46;0.14;0.34;2.16
'Alexander_the_Great'; 'Tigris';22;113391.33;14208.33;99183.0;127599.66;0.27;0.15;0.37;6.76
'Alexander_the_Great'; 'Beas_River';710;113391.33;3067.0;110324.33;116458.33;0.25;0.15;0.38;2.98
'Alexander_the_Great'; 'Thasos';14;113391.33;2627.01;110764.32;116018.34;0.35;0.17;0.41;5.63
'Alexander_the_Great'; 'Jandial';13;113391.33;188.95;113202.38;113580.28;0.31;0.0;0.41;7.42
'Alexander_the_Great'; 'Anabasis_of_Alexander';40;113391.33;42.67;113348.66;113434.0;0.23;0.0;0.46;5.38
'Alexander_the_Great'; 'Roman_Republic';83;113391.33;30949.67;82441.66;144341.0;0.58;0.16;0.27;0.0
'Alexander_the_Great'; 'Amazons';12;113391.33;41365.87;72025.46;154757.2;0.41;0.14;0.37;6.12
'Alexander_the_Great'; 'Alexandria_(disambiguation)';66;113391.33;1374.74;112016.59;114766.07;0.14;0.14;0.43;6.52
'Alexander_the_Great'; 'Macedonia';19;113391.33;11426.33;101965.0;124817.66;0.15;0.0;0.47;17.5
'Alexander_the_Great'; 'Dodona';36;113391.33;3466.9;109924.43;116858.23;0.35;0.12;0.36;4.25
'Alexander_the_Great'; 'Athena';46;113391.33;90291.15;23100.18;203682.48;0.34;0.08;0.34;5.83
'Alexander_the_Great'; 'Polybius';16;113391.33;11199.19;102192.14;124590.52;0.34;0.4;0.34;1.59
'Alexander_the_Great'; 'BC';10;113391.33;4668.33;108723.0;118059.66;0.31;0.0;0;4.44
'Alexander_the_Great'; 'Paralysis';11;113391.33;12958.38;100432.95;126349.71;0.23;0.0;0.77;21.69
'Alexander_the_Great'; 'Jhelum_River';54;113391.33;3568.0;109823.33;116959.33;0.24;0.15;0.29;3.95
'Alexander_the_Great'; 'Attic_talent';209;113391.33;507.67;112883.66;113899.0;0.32;0.09;0.41;3.11
'Alexander_the_Great'; 'Chaeronea';24;113391.33;1105.93;112285.4;114497.26;0.28;0.13;0.36;5.09
'Alexander_the_Great'; 'Kerman_province';14;113391.33;76.67;113314.66;113468.0;0.23;0.0;0.57;9.27
'Alexander_the_Great'; 'Susa_weddings';143;113391.33;519.33;112872.0;113910.66;0.51;0.0;0.36;2.18
'Alexander_the_Great'; 'Panjkora_River';20;113391.33;104.0;113287.33;113495.33;0.19;0.15;0.45;5.72
'Alexander_the_Great'; 'Tutoring';18;113391.33;280.0;113111.33;113671.33;0.27;0.0;0.62;9.77
'Alexander_the_Great'; 'Cyclopes';44;113391.33;186.14;113205.19;113577.47;0.35;0.0;0.43;4.67
'Alexander_the_Great'; 'Sphinx';11;113391.33;61185.59;52205.74;174576.92;0.4;0.0;0.43;11.9
'Alexander_the_Great'; 'Abdalonymus';31;113391.33;252.11;113139.22;113643.44;0.38;0.51;0.4;0.56
'Alexander_the_Great'; 'Partition_of_Triparadisus';14;113391.33;371.33;113020.0;113762.66;0.52;0.09;0.32;2.12
'Alexander_the_Great'; 'Anatolia';629;113391.33;52805.83;60585.5;166197.16;0.4;0.17;0.28;1.29
'Alexander_the_Great'; 'Istanbul_Archaeology_Museums';28;113391.33;268.67;113122.66;113660.0;0.36;0.2;0.41;3.02
'Alexander_the_Great'; 'Paeonia_(kingdom)';43;113391.33;1169.33;112222.0;114560.66;0.45;0.15;0.35;2.17
'Alexander_the_Great'; 'Battle_of_Gaugamela';1598;113391.33;5842.33;107549.0;119233.66;0.67;0.1;0.2;0.81
'Alexander_the_Great'; 'Paranoia';35;113391.33;30959.09;82432.24;144350.42;0.37;0.0;0.69;11.31
'Alexander_the_Great'; 'Hellenistic_Judaism';729;113391.33;3978.67;109412.66;117370.0;0.45;0.11;0.35;1.66
'Alexander_the_Great'; 'Peter_Green_(historian)';10;113391.33;778.07;112613.26;114169.4;0.47;0.32;0.44;2.61
'Alexander_the_Great'; 'Athens';42;113391.33;82684.21;30707.12;196075.54;0.38;0.12;0.5;7.02
'Alexander_the_Great'; 'Gedrosia';98;113391.33;1331.58;112059.75;114722.91;0.4;0.22;0.33;1.46
'Alexander_the_Great'; 'Archelaus_of_Cappadocia';23;113391.33;218.0;113173.33;113609.33;0.26;0.85;0.43;0.24
'Alexander_the_Great'; 'Lanike';140;113391.33;214.21;113177.12;113605.54;0.43;0.33;0.34;0.48
'Alexander_the_Great'; 'Baiae';10;113391.33;2933.68;110457.65;116325.01;0.4;0.13;0.46;7.24
'Alexander_the_Great'; 'Charlemagne';28;113391.33;149675.0;36283.67;263066.33;0.47;0.52;0.47;1.3
'Alexander_the_Great'; 'Taurus_Mountains';23;113391.33;2571.67;110819.66;115963.0;0.23;0.17;0.4;6.43
'Alexander_the_Great'; 'Greek_nationalism';734;113391.33;582.33;112809.0;113973.66;0.36;0.0;0.47;3.24
'Alexander_the_Great'; 'Ares';22;113391.33;61797.37;51593.96;175188.7;0.41;0.08;0.37;6.18
'Alexander_the_Great'; 'Culture_of_Greece';87;113391.33;4231.33;109160.0;117622.66;0.54;0.0;0.36;2.76
'Alexander_the_Great'; 'Adriatic_Sea';139;113391.33;9450.67;103940.66;122842.0;0.39;0.2;0.5;3.59
'Alexander_the_Great'; 'Alauddin_Khalji';27;113391.33;35195.67;78195.66;148587.0;0.28;0.0;0.51;12.51
'Alexander_the_Great'; 'Achilles';726;113391.33;112957.39;433.94;226348.72;0.35;0.53;0.36;0.21
'Alexander_the_Great'; 'Greco-Buddhism';921;113391.33;5264.74;108126.59;118656.07;0.55;0.1;0.3;0.72
'Alexander_the_Great'; 'Apelles';44;113391.33;1761.63;111629.7;115152.96;0.34;0.42;0.38;1.3
'Alexander_the_Great'; 'Egypt';23;113391.33;220427.43;107036.1;333818.76;0.43;0.16;0.53;7.43
'Alexander_the_Great'; 'Lingua_franca';219;113391.33;17663.67;95727.66;131055.0;0.31;0.0;0.4;5.74
'Alexander_the_Great'; 'Menes_of_Pella';10;113391.33;70.67;113320.66;113462.0;0.4;0.54;0.37;0.0
'Alexander_the_Great'; 'Pompeii';25;113391.33;94945.45;18445.88;208336.78;0.36;0.14;0.43;7.07
'Alexander_the_Great'; 'Alexander_(2004_film)';529;113391.33;11083.33;102308.0;124474.66;0.6;0.11;0.3;0.48
'Alexander_the_Great'; 'Cleopatra';131;113391.33;189619.3;76227.97;303010.63;0.33;0.78;0.33;1.61
'Alexander_the_Great'; 'Hercules';12;113391.33;24803.0;88588.33;138194.33;0.26;0.13;0.44;11.15
'Alexander_the_Great'; 'Main_Page';483;113391.33;191212491.33;191099100.0;191325882.66;0.08;0.0;0;4.55
'Alexander_the_Great'; 'Mithridatic_Wars';11;113391.33;1011.0;112380.33;114402.33;0.36;0.09;0.41;6.77
'Alexander_the_Great'; 'Platanus';12;113391.33;6318.97;107072.36;119710.3;0.21;0.31;0.54;8.72
'Alexander_the_Great'; 'Augustus';175;113391.33;137211.97;23820.64;250603.3;0.41;0.38;0.32;0.37
'Alexander_the_Great'; 'Indian_campaign_of_Alexander_the_Great';1187;113391.33;7870.67;105520.66;121262.0;0.74;0.09;0.26;0.49
'Alexander_the_Great'; 'Kasta_Tomb';244;113391.33;694.67;112696.66;114086.0;0.32;0.0;0.35;3.57
'Alexander_the_Great'; 'Gandhara';90;113391.33;17948.74;95442.59;131340.07;0.47;0.14;0.29;1.44
'Alexander_the_Great'; 'Amfissa';10;113391.33;463.68;112927.65;113855.01;0.3;0.12;0.37;6.31
'Alexander_the_Great'; 'Pixodarus';14;113391.33;109.47;113281.86;113500.8;0.24;0.45;0.35;1.48
'Alexander_the_Great'; 'Diogenes';20;113391.33;54017.39;59373.94;167408.72;0.32;0.0;0.38;10.63
'Alexander_the_Great'; 'Alexander_the_Great_(1956_film)';125;113391.33;639.33;112752.0;114030.66;0;0.15;0.32;6.7
'Alexander_the_Great'; 'Chronology_of_European_exploration_of_Asia';37;113391.33;1701.33;111690.0;115092.66;0.43;0.43;0.41;0.99
'Alexander_the_Great'; 'Isocrates';103;113391.33;2485.79;110905.54;115877.12;0.24;0.3;0.39;2.82
'Alexander_the_Great'; 'Septimius_Severus';50;113391.33;10094.67;103296.66;123486.0;0.31;0.67;0.39;0.0
'Alexander_the_Great'; 'Kadifekale';12;113391.33;282.11;113109.22;113673.44;0.3;0.16;0.43;5.67
'Alexander_the_Great'; 'Pierre-Henri_de_Valenciennes';21;113391.33;137.33;113254.0;113528.66;0.22;0.42;0;5.82
'Alexander_the_Great'; 'Satrap';288;113391.33;13055.64;100335.69;126446.97;0.46;0.0;0.25;1.91
'Alexander_the_Great'; 'Ecbatana';25;113391.33;2636.32;110755.01;116027.65;0.38;0.13;0.35;3.89
'Alexander_the_Great'; 'Battle_of_Megalopolis';81;113391.33;410.33;112981.0;113801.66;0.39;0.1;0.35;2.46
'Alexander_the_Great'; 'Demaratus_(hetairos)';28;113391.33;103.16;113288.17;113494.49;0.32;0.53;0.4;0.71
'Alexander_the_Great'; 'List_of_cities_founded_by_Alexander_the_Great';751;113391.33;682.67;112708.66;114074.0;0.62;0.0;0.32;0.87
'Alexander_the_Great'; 'Frederick_the_Great';12;113391.33;23079.67;90311.66;136471.0;0.44;0.3;0.58;6.62
'Alexander_the_Great'; 'Partition_of_Babylon';179;113391.33;746.33;112645.0;114137.66;0.55;0.09;0.29;0.73
'Alexander_the_Great'; 'Slavery';15;113391.33;73275.42;40115.91;186666.75;0.45;0.0;0.51;10.93
'Alexander_the_Great'; 'Oliver_Stone';19;113391.33;19427.0;93964.33;132818.33;0.35;0.34;0.5;5.0
'Alexander_the_Great'; 'Indo-Greek_Kingdom';50;113391.33;6086.67;107304.66;119478.0;0.55;0.16;0.28;0.42
'Alexander_the_Great'; 'Government_of_Macedonia_(ancient_kingdom)';105;113391.33;503.67;112887.66;113895.0;0.5;0.0;0.3;1.84
'Alexander_the_Great'; 'Getae';40;113391.33;2793.14;110598.19;116184.47;0.37;0.13;0.37;3.8
'Alexander_the_Great'; 'Ancient_Olympic_Games';95;113391.33;9932.0;103459.33;123323.33;0.5;0.09;0.37;2.57
'Alexander_the_Great'; 'Thalestris';33;113391.33;351.05;113040.28;113742.38;0.48;0.43;0.4;0.47
'Alexander_the_Great'; 'Tomb_of_Alexander_the_Great';1161;113391.33;3668.0;109723.33;117059.33;0.56;0.19;0.34;0.52
'Alexander_the_Great'; 'Basileus';1278;113391.33;4328.95;109062.38;117720.28;0.4;0.0;0.36;2.7
'Alexander_the_Great'; 'Aegae_(Macedonia)';18;113391.33;184.0;113207.33;113575.33;0.28;0.0;0.35;6.43
'Alexander_the_Great'; 'Mongol_Empire';19;113391.33;36709.0;76682.33;150100.33;0.4;0.14;0.38;5.49
'Alexander_the_Great'; 'Smyrna';53;113391.33;16354.46;97036.87;129745.79;0.4;0.15;0.41;4.08
'Alexander_the_Great'; 'Ashoka';29;113391.33;109081.82;4309.51;222473.15;0.34;0.55;0.35;0.1
'Alexander_the_Great'; 'Military_campaign';1660;113391.33;1410.0;111981.33;114801.33;0.31;0.0;0.54;3.94
'Alexander_the_Great'; 'Julian_(emperor)';44;113391.33;5752.33;107639.0;119143.66;0.46;0.54;0.42;0.25
'Alexander_the_Great'; 'Thessalus_(actor)';59;113391.33;267.77;113123.56;113659.1;0.4;0.48;0.52;1.41
'Alexander_the_Great'; 'Tomb_of_Cyrus';220;113391.33;1504.33;111887.0;114895.66;0.45;0.14;0.38;1.87
'Alexander_the_Great'; 'Xerxes_I';96;113391.33;19467.67;93923.66;132859.0;0.42;0.55;0.3;1.12
'Alexander_the_Great'; 'Albert_Einstein';25;113391.33;184575.67;71184.34;297967.0;0.35;0.31;0.63;7.57
'Alexander_the_Great'; 'Hephaestus';35;113391.33;29084.0;84307.33;142475.33;0.33;0.09;0.41;6.88
'Alexander_the_Great'; 'Iranian_languages';13;113391.33;4608.33;108783.0;117999.66;0.37;0.12;0.4;6.49
'Alexander_the_Great'; 'Persian_Gates';336;113391.33;297.67;113093.66;113689.0;0.27;0.0;0.27;2.95
'Alexander_the_Great'; 'Aphrodite';25;113391.33;85380.62;28010.71;198771.95;0.3;0.09;0.35;7.8
'Alexander_the_Great'; 'Ptolemy_II_Philadelphus';225;113391.33;2491.33;110900.0;115882.66;0.38;0.88;0.31;1.74
'Alexander_the_Great'; 'Polychrome';17;113391.33;2824.54;110566.79;116215.87;0.46;0.0;0.53;7.89
'Alexander_the_Great'; 'Spitamenes';134;113391.33;576.32;112815.01;113967.65;0.41;0.4;0.34;0.31
'Alexander_the_Great'; 'Agis_III';16;113391.33;340.67;113050.66;113732.0;0.38;0.58;0.34;0.54
'Alexander_the_Great'; 'RoboCop';14;113391.33;44157.89;69233.44;157549.22;0.29;0.14;0.93;16.94
'Alexander_the_Great'; 'Western_culture';113;113391.33;15527.67;97863.66;128919.0;0.58;0.12;0.42;2.19
'Alexander_the_Great'; 'Aristotle';7852;113391.33;242694.17;129302.84;356085.5;0.43;0.25;0.34;0.88
'Alexander_the_Great'; 'Chenab_River';17;113391.33;3278.33;110113.0;116669.66;0.2;0.2;0.39;7.13
'Alexander_the_Great'; 'Cleitus_the_Black';731;113391.33;1628.33;111763.0;115019.66;0.45;0.58;0.3;0.8
'Alexander_the_Great'; 'Crusades';14;113391.33;128405.74;15014.41;241797.07;0.46;0.08;0.42;7.63
'Alexander_the_Great'; 'Maurya_Empire';111;113391.33;31107.0;82284.33;144498.33;0.47;0.14;0.29;1.45
'Alexander_the_Great'; 'Stagira_(ancient_city)';142;113391.33;917.33;112474.0;114308.66;0.28;0.13;0.38;3.36
'Alexander_the_Great'; 'Alexandria_Eschate';64;113391.33;905.0;112486.33;114296.33;0.55;0.12;0.36;1.49
'Alexander_the_Great'; 'Stater';11;113391.33;1414.74;111976.59;114806.07;0.25;0.0;0.39;11.73
'Alexander_the_Great'; 'Uxii';15;113391.33;97.89;113293.44;113489.22;0.24;0.0;0.37;7.29
'Alexander_the_Great'; 'Parmenion';168;113391.33;1837.37;111553.96;115228.7;0.51;0.58;0.26;1.72
'Alexander_the_Great'; 'Thrasyllus_of_Mendes';12;113391.33;184.0;113207.33;113575.33;0.18;0.29;0.44;5.33
'Alexander_the_Great'; 'Expansion_of_Macedonia_under_Philip_II';147;113391.33;378.33;113013.0;113769.66;0.6;0.0;0.28;0.83
'Alexander_the_Great'; 'Byzantine_Empire';416;113391.33;62818.67;50572.66;176210.0;0.53;0.14;0.35;1.44
'Alexander_the_Great'; 'Battle_of_Thermopylae';16;113391.33;32616.67;80774.66;146008.0;0.48;0.09;0.34;4.36
'Alexander_the_Great'; 'Pyrgoteles';94;113391.33;76.79;113314.54;113468.12;0.42;0.43;0.44;0.73
'Alexander_the_Great'; 'Pamphylia';14;113391.33;1315.26;112076.07;114706.59;0.34;0.15;0.35;4.71
'Alexander_the_Great'; 'Napoleon';190;113391.33;287790.99;174399.66;401182.32;0.46;0.29;0.51;2.85
'Alexander_the_Great'; 'Constantinople';10;113391.33;98745.13;14646.2;212136.46;0.5;0.13;0.43;6.86
'Alexander_the_Great'; 'Darius_III';3266;113391.33;5470.0;107921.33;118861.33;0.56;0.71;0.24;1.83
'Alexander_the_Great'; 'Gog_and_Magog';67;113391.33;15648.0;97743.33;129039.33;0.35;0.1;0.4;4.96
'Alexander_the_Great'; 'Perdiccas';164;113391.33;2052.91;111338.42;115444.24;0.42;0.59;0.25;1.54
'Alexander_the_Great'; 'Pasargadae';22;113391.33;3914.29;109477.04;117305.62;0.26;0.12;0.36;6.56
'Alexander_the_Great'; 'Hegesias_of_Magnesia';24;113391.33;74.33;113317.0;113465.66;0.31;0.31;0.48;2.72
'Alexander_the_Great'; 'Macedonia_(ancient_kingdom)';13023;113391.33;13335.0;100056.33;126726.33;0.63;0.14;0.15;1.17
'Alexander_the_Great'; 'Sarcophagus';112;113391.33;9971.58;103419.75;123362.91;0.33;0.0;0.47;6.59
'Alexander_the_Great'; 'Attic_calendar';196;113391.33;1237.33;112154.0;114628.66;0.41;0.1;0.42;2.74
'Alexander_the_Great'; 'Histories_of_Alexander_the_Great';15;113391.33;143.33;113248.0;113534.66;0.45;0.0;0.38;4.29
'Alexander_the_Great'; 'Oxyartes';33;113391.33;525.97;112865.36;113917.3;0.34;0.4;0.32;0.67
'Alexander_the_Great'; 'List_of_biblical_figures_identified_in_extra-biblical_sources';140;113391.33;674.67;112716.66;114066.0;0.44;0.0;0.4;3.14
'Alexander_the_Great'; 'Sidon';32;113391.33;10401.68;102989.65;123793.01;0.34;0.13;0.4;5.49
'Alexander_the_Great'; 'Caria';32;113391.33;2905.14;110486.19;116296.47;0.37;0.15;0.3;2.76
'Alexander_the_Great'; 'Sarissa';218;113391.33;4422.65;108968.68;117813.98;0.36;0.17;0.34;2.19
'Alexander_the_Great'; 'Achaemenid_Empire';1569;113391.33;29533.0;83858.33;142924.33;0.58;0.14;0.14;1.52
'Alexander_the_Great'; 'Ada_of_Caria';194;113391.33;375.0;113016.33;113766.33;0.37;0.28;0.36;1.16
'Alexander_the_Great'; 'Gorgon';13;113391.33;28019.85;85371.48;141411.18;0.36;0.08;0.45;9.81
'Alexander_the_Great'; 'Greek_colonisation';116;113391.33;926.0;112465.33;114317.33;0.19;0.0;0.36;6.52
'Alexander_the_Great'; 'Termessos';21;113391.33;611.05;112780.28;114002.38;0.29;0.12;0.4;5.47
'Alexander_the_Great'; 'Philotas';57;113391.33;1145.0;112246.33;114536.33;0.4;0.58;0.29;1.13
'Alexander_the_Great'; 'Carthage';15;113391.33;54685.45;58705.88;168076.78;0.4;0.13;0.35;5.67
'Alexander_the_Great'; 'Battle_of_Jaxartes';188;113391.33;489.33;112902.0;113880.66;0.51;0.1;0.24;0.38
'Alexander_the_Great'; 'Taulantii';10;113391.33;464.21;112927.12;113855.54;0.37;0.12;0.37;5.1
'Alexander_the_Great'; 'Syr_Darya';17;113391.33;2137.0;111254.33;115528.33;0.33;0.2;0.39;4.67
'Alexander_the_Great'; 'Plutarch';128;113391.33;24830.71;88560.62;138222.04;0.48;0.29;0.26;0.37
'Alexander_the_Great'; 'Siwa_Oasis';142;113391.33;13781.0;99610.33;127172.33;0.33;0.12;0.39;4.06
'Alexander_the_Great'; 'Kunar_Valley';46;113391.33;157.33;113234.0;113548.66;0.1;0.21;0.38;4.59
'Alexander_the_Great'; 'Egyptian_hieroglyphs';23;113391.33;18909.0;94482.33;132300.33;0.39;0.11;0.45;6.68
'Alexander_the_Great'; 'Susa';139;113391.33;11417.09;101974.24;124808.42;0.38;0.13;0.26;1.78
'Alexander_the_Great'; 'Library_of_Alexandria';18;113391.33;21222.0;92169.33;134613.33;0.43;0.14;0.35;4.24
'Alexander_the_Great'; 'Thermopylae';71;113391.33;12795.16;100596.17;126186.49;0.37;0.15;0.37;3.57
'Alexander_the_Great'; 'Book_of_Daniel';34;113391.33;8889.33;104502.0;122280.66;0.5;0.15;0.43;3.44
'Alexander_the_Great'; 'Bactria';119;113391.33;18362.32;95029.01;131753.65;0.47;0.14;0.25;0.76
'Alexander_the_Great'; 'Hadrian';11;113391.33;45002.42;68388.91;158393.75;0.42;0.33;0.32;1.35
'Alexander_the_Great'; 'Ancient_Greek';611;113391.33;22904.0;90487.33;136295.33;0.4;0.13;0.36;2.32
'Alexander_the_Great'; 'Dicaearchus';20;113391.33;366.32;113025.01;113757.65;0.33;0.29;0.35;2.18
'Alexander_the_Great'; 'Martin_Luther';33;113391.33;57050.67;56340.66;170442.0;0.42;0.33;0.57;4.83
'Alexander_the_Great'; 'Parthia';10;113391.33;8949.66;104441.67;122340.99;0.35;0.15;0.3;5.07
'Alexander_the_Great'; 'Nanda_Empire';177;113391.33;7291.33;106100.0;120682.66;0.33;0.14;0.36;3.16
'Alexander_the_Great'; 'Temple_of_Artemis';455;113391.33;17627.33;95764.0;131018.66;0.42;0.15;0.36;2.07
'Alexander_the_Great'; 'Itinerarium_Alexandri';10;113391.33;39.67;113351.66;113431.0;0.37;0.15;0.42;3.72
'Alexander_the_Great'; 'Argead_dynasty';1424;113391.33;2552.0;110839.33;115943.33;0.35;0.08;0.28;1.72
'Alexander_the_Great'; 'Erigyius';32;113391.33;137.89;113253.44;113529.22;0.39;0.54;0.38;0.14
'Alexander_the_Great'; 'André_Castaigne';18;113391.33;134.33;113257.0;113525.66;0.29;0.39;0.6;3.79
'Alexander_the_Great'; 'Ernst_Badian';11;113391.33;119.0;113272.33;113510.33;0.26;0.26;0.5;5.2
'Alexander_the_Great'; 'Indian_subcontinent';93;113391.33;40469.47;72921.86;153860.8;0.42;0.17;0.38;3.04
'Alexander_the_Great'; 'Antipater';394;113391.33;3927.56;109463.77;117318.89;0.48;0.6;0.25;1.67
'Alexander_the_Great'; 'Philip_II_of_Macedon';8188;113391.33;11860.0;101531.33;125251.33;0.59;0.78;0.19;2.43
'Alexander_the_Great'; 'Trajan';11;113391.33;36932.8;76458.53;150324.13;0.47;0.36;0.35;0.95
'Alexander_the_Great'; 'Heracles';30;113391.33;79891.06;33500.27;193282.39;0.33;0.34;0.32;1.99
'Alexander_the_Great'; 'Epirus_(ancient_state)';160;113391.33;1665.33;111726.0;115056.66;0.43;0.15;0.32;1.53
'Alexander_the_Great'; 'Greek_language';51;113391.33;33537.33;79854.0;146928.66;0.41;0.14;0.42;4.52
'Alexander_the_Great'; 'Diadochi';2687;113391.33;7056.32;106335.01;120447.65;0.64;0.09;0.22;0.4
'Alexander_the_Great'; 'Early_world_maps';21;113391.33;5777.33;107614.0;119168.66;0.44;0.2;0.42;3.8
'Alexander_the_Great'; 'Thessaly';20;113391.33;8789.06;104602.27;122180.39;0.36;0.17;0.36;4.57
'Alexander_the_Great'; 'Hecataeus_of_Miletus';11;113391.33;1077.33;112314.0;114468.66;0.32;0.3;0.38;3.64
'Alexander_the_Great'; 'Guillain–Barré_syndrome';193;113391.33;62266.84;51124.49;175658.17;0.26;0.08;0.79;9.22
'Alexander_the_Great'; 'Aornos';179;113391.33;483.68;112907.65;113875.01;0.45;0.1;0.4;2.09
'Alexander_the_Great'; 'Ottoman_Empire';13;113391.33;110203.33;3188.0;223594.66;0.43;0.14;0.52;9.28
'Alexander_the_Great'; 'Cyropaedia';53;113391.33;1282.11;112109.22;114673.44;0.32;0.13;0.43;4.4
'Alexander_the_Great'; 'Socrates';46;113391.33;214793.16;101401.83;328184.49;0.24;0.29;0.39;4.93
'Alexander_the_Great'; 'Lynkestis';21;113391.33;294.21;113097.12;113685.54;0.42;0.1;0.37;3.3
'Alexander_the_Great'; 'War_elephant';42;113391.33;5844.33;107547.0;119235.66;0.35;0.1;0.33;4.14
'Alexander_the_Great'; 'Plautus';22;113391.33;4679.47;108711.86;118070.8;0.4;0.34;0.46;3.13
'Alexander_the_Great'; 'Amun';139;113391.33;22285.14;91106.19;135676.47;0.38;0.1;0.41;4.12
'Alexander_the_Great'; 'Third_Macedonian_War';94;113391.33;1102.33;112289.0;114493.66;0.45;0.1;0.36;2.27
'Alexander_the_Great'; 'Jesus';32;113391.33;298018.1;184626.77;411409.43;0.39;0.33;0.48;4.22
'Alexander_the_Great'; 'Helios';11;113391.33;35345.05;78046.28;148736.38;0.49;0.09;0.34;4.87
'Alexander_the_Great'; 'Fountain_of_Youth';19;113391.33;6512.0;106879.33;119903.33;0.39;0.09;0.62;9.0
'Alexander_the_Great'; 'Karagiozis';22;113391.33;787.37;112603.96;114178.7;0.25;0.15;0.46;6.41
'Alexander_the_Great'; 'Caligula';235;113391.33;103439.82;9951.51;216831.15;0.25;0.35;0.4;2.85
'Alexander_the_Great'; 'Artaxerxes_III';88;113391.33;1478.0;111913.33;114869.33;0.36;0.85;0.28;2.15
'Alexander_the_Great'; 'Multan';44;113391.33;12505.98;100885.35;125897.31;0.27;0.13;0.43;6.6
'Alexander_the_Great'; 'Hannibal';87;113391.33;71440.18;41951.15;184831.51;0.42;0.49;0.37;0.22
'Alexander_the_Great'; 'Greeks';137;113391.33;32703.6;80687.73;146094.93;0.53;0.11;0.31;1.4
'Alexander_the_Great'; 'Attalus_(general)';56;113391.33;1203.54;112187.79;114594.87;0.42;0.58;0.3;1.12
'Alexander_the_Great'; 'Meleager_(general)';16;113391.33;452.21;112939.12;113843.54;0.43;0.58;0.3;1.51
'Alexander_the_Great'; 'Thracians';55;113391.33;21903.88;91487.45;135295.21;0.44;0.13;0.31;2.44
'Alexander_the_Great'; 'Thaïs';86;113391.33;3160.0;110231.33;116551.33;0.39;0.31;0.39;1.7
'Alexander_the_Great'; 'Diodorus_Siculus';157;113391.33;3057.33;110334.0;116448.66;0.35;0.36;0.29;0.42
'Alexander_the_Great'; 'Zoroastrianism';17;113391.33;273735.43;160344.1;387126.76;0.42;0.08;0.3;5.09
'Alexander_the_Great'; 'Silk_Road';12;113391.33;37180.33;76211.0;150571.66;0.45;0.16;0.31;3.35
'Alexander_the_Great'; 'Demetrius_I_of_Macedon';1409;113391.33;1381.67;112009.66;114773.0;0.37;0.91;0.3;1.33
'Alexander_the_Great'; 'Euripides';369;113391.33;17234.86;96156.47;130626.19;0.38;0.34;0.41;1.55
'Alexander_the_Great'; 'Vladimir_Lenin';10;113391.33;63180.67;50210.66;176572.0;0.32;0.3;0.66;11.43
'Alexander_the_Great'; 'Bessus';70;113391.33;2557.06;110834.27;115948.39;0.42;0.45;0.29;0.56
'Alexander_the_Great'; 'Louvre';11;113391.33;67415.33;45976.0;180806.66;0.39;0.16;0.45;8.53
'Alexander_the_Great'; 'Nemesis';17;113391.33;7435.33;105956.0;120826.66;0.33;0.15;0.46;7.3
'Alexander_the_Great'; 'Incitatus';12;113391.33;3664.21;109727.12;117055.54;0.22;0.32;0.52;7.63
'Alexander_the_Great'; 'Wars_of_the_Diadochi';307;113391.33;2507.33;110884.0;115898.66;0.44;0.1;0.23;0.77
'Alexander_the_Great'; 'Demosthenes';34;113391.33;10845.93;102545.4;124237.26;0.31;0.38;0.31;1.24
'Alexander_the_Great'; 'Demades';11;113391.33;152.63;113238.7;113543.96;0.3;0.41;0.37;1.81
'Alexander_the_Great'; 'Kambojas';23;113391.33;3167.82;110223.51;116559.15;0.29;0.1;0.33;5.66
'Alexander_the_Great'; 'Magnesia_on_the_Maeander';25;113391.33;666.0;112725.33;114057.33;0.31;0.12;0.38;4.71
'Alexander_the_Great'; 'Patroclus';30;113391.33;15183.33;98208.0;128574.66;0.24;0.43;0.44;3.66
'Alexander_the_Great'; 'Sardis';42;113391.33;7864.29;105527.04;121255.62;0.32;0.12;0.34;4.55
'Alexander_the_Great'; 'Stag_Hunt_Mosaic';42;113391.33;225.67;113165.66;113617.0;0.42;0.2;0.44;2.43
'Alexander_the_Great'; 'The_Persian_Boy';13;113391.33;481.0;112910.33;113872.33;0.43;0.09;0.33;3.55
'Alexander_the_Great'; 'Sogdia';81;113391.33;7027.89;106363.44;120419.22;0.47;0.15;0.29;1.27
'Alexander_the_Great'; 'Kandahar';197;113391.33;16189.47;97201.86;129580.8;0.36;0.13;0.43;3.83
'Alexander_the_Great'; 'Heracles_of_Macedon';5277;113391.33;682.33;112709.0;114073.66;0.44;0.41;0.33;0.03
'Alexander_the_Great'; 'Mesopotamia';2064;113391.33;145872.81;32481.48;259264.14;0.52;0.13;0.29;0.73
'Alexander_the_Great'; 'Nero';25;113391.33;124132.46;10741.13;237523.79;0.35;0.33;0.39;3.49
'Alexander_the_Great'; 'Romanization_of_Greek';330;113391.33;2439.0;110952.33;115830.33;0.25;0.21;0.54;3.86
'Alexander_the_Great'; 'Charisma';35;113391.33;11735.48;101655.85;125126.81;0.34;0.1;0.58;8.09
'Alexander_the_Great'; 'Robin_Lane_Fox';47;113391.33;1172.0;112219.33;114563.33;0.33;0.29;0.47;3.19
'Alexander_the_Great'; 'Roman_sculpture';14;113391.33;1913.33;111478.0;115304.66;0.46;0.13;0.43;4.73
'Alexander_the_Great'; 'Miletus';25;113391.33;9635.2;103756.13;123026.53;0.36;0.13;0.26;2.99
'Alexander_the_Great'; 'Claudius_Aelianus';11;113391.33;655.67;112735.66;114047.0;0.3;0.31;0.42;4.19
'Alexander_the_Great'; 'Speusippus';71;113391.33;692.63;112698.7;114083.96;0.32;0.3;0.44;2.47
'Alexander_the_Great'; 'Zeus';146;113391.33;124144.07;10752.74;237535.4;0.4;0.09;0.31;3.17
'Alexander_the_Great'; 'Medius_of_Larissa';1144;113391.33;375.33;113016.0;113766.66;0.32;0.56;0.38;0.22
'Alexander_the_Great'; 'Heterochromia_iridum';57;113391.33;18575.0;94816.33;131966.33;0.21;0.09;0.56;9.72
'Alexander_the_Great'; 'Catherine_the_Great';18;113391.33;47233.67;66157.66;160625.0;0.49;0.38;0.56;4.14
'Alexander_the_Great'; 'Ariobarzanes_of_Persis';17;113391.33;311.33;113080.0;113702.66;0.34;0.5;0.37;0.68
'Alexander_the_Great'; 'Ancient_Macedonian_army';119;113391.33;2887.33;110504.0;116278.66;0.62;0.09;0.26;0.07
'Alexander_the_Great'; 'Thracians';55;113391.33;21903.88;91487.45;135295.21;0.44;0.13;0.31;2.44
'Alexander_the_Great'; 'Thaïs';86;113391.33;3160.0;110231.33;116551.33;0.39;0.31;0.39;1.7
'Alexander_the_Great'; 'Diodorus_Siculus';157;113391.33;3057.33;110334.0;116448.66;0.35;0.36;0.29;0.42
'Alexander_the_Great'; 'Zoroastrianism';17;113391.33;273735.43;160344.1;387126.76;0.42;0.08;0.3;5.09
'Alexander_the_Great'; 'Grandiose_delusions';101;113391.33;6855.67;106535.66;120247.0;0.32;0.0;0.75;8.77
'Alexander_the_Great'; 'Silk_Road';12;113391.33;37180.33;76211.0;150571.66;0.45;0.16;0.31;3.35
'Alexander_the_Great'; 'Demetrius_I_of_Macedon';1409;113391.33;1381.67;112009.66;114773.0;0.37;0.91;0.3;1.33
'Alexander_the_Great'; 'Euripides';369;113391.33;17234.86;96156.47;130626.19;0.38;0.34;0.41;1.55
'Alexander_the_Great'; 'Vladimir_Lenin';10;113391.33;63180.67;50210.66;176572.0;0.32;0.3;0.66;11.43
'Alexander_the_Great'; 'Bessus';70;113391.33;2557.06;110834.27;115948.39;0.42;0.45;0.29;0.56
'Alexander_the_Great'; 'Louvre';11;113391.33;67415.33;45976.0;180806.66;0.39;0.16;0.45;8.53
'Alexander_the_Great'; 'Scimitar';65;113391.33;18943.7;94447.63;132335.03;0.33;0.0;0.69;9.97
'Alexander_the_Great'; 'History_of_India';500;113391.33;41345.33;72046.0;154736.66;0.55;0.0;0.35;2.25
'Alexander_the_Great'; 'Nemesis';17;113391.33;7435.33;105956.0;120826.66;0.33;0.15;0.46;7.3
'Alexander_the_Great'; 'Acute_pancreatitis';32;113391.33;8100.67;105290.66;121492.0;0.18;0.08;0;1.86
'Alexander_the_Great'; 'Beas_City';12;113391.33;487.67;112903.66;113879.0;0.11;0.0;0.5;17.45
'Alexander_the_Great'; 'Incitatus';12;113391.33;3664.21;109727.12;117055.54;0.22;0.32;0.52;7.63
'Alexander_the_Great'; 'Wars_of_the_Diadochi';307;113391.33;2507.33;110884.0;115898.66;0.44;0.1;0.23;0.77
'Alexander_the_Great'; 'Demosthenes';34;113391.33;10845.93;102545.4;124237.26;0.31;0.38;0.31;1.24
'Alexander_the_Great'; 'Hegemony';523;113391.33;25089.88;88301.45;138481.21;0.48;0.0;0.37;2.92
'Alexander_the_Great'; 'Demades';11;113391.33;152.63;113238.7;113543.96;0.3;0.41;0.37;1.81
'Alexander_the_Great'; 'Kambojas';23;113391.33;3167.82;110223.51;116559.15;0.29;0.1;0.33;5.66
'Alexander_the_Great'; 'Magnesia_on_the_Maeander';25;113391.33;666.0;112725.33;114057.33;0.31;0.12;0.38;4.71
'Alexander_the_Great'; 'Patroclus';30;113391.33;15183.33;98208.0;128574.66;0.24;0.43;0.44;3.66
'Alexander_the_Great'; 'Sardis';42;113391.33;7864.29;105527.04;121255.62;0.32;0.12;0.34;4.55
'Alexander_the_Great'; 'Clinical_Toxicology';12;113391.33;240.67;113150.66;113632.0;0.08;0.14;0;0.63
'Alexander_the_Great'; 'Stag_Hunt_Mosaic';42;113391.33;225.67;113165.66;113617.0;0.42;0.2;0.44;2.43
'Alexander_the_Great'; 'Pyre';15;113391.33;5105.59;108285.74;118496.92;0.27;0.0;0.5;12.98
'Alexander_the_Great'; 'The_Persian_Boy';13;113391.33;481.0;112910.33;113872.33;0.43;0.09;0.33;3.55
'Alexander_the_Great'; 'Sogdia';81;113391.33;7027.89;106363.44;120419.22;0.47;0.15;0.29;1.27
'Alexander_the_Great'; 'Kandahar';197;113391.33;16189.47;97201.86;129580.8;0.36;0.13;0.43;3.83
'Alexander_the_Great'; 'Heracles_of_Macedon';5277;113391.33;682.33;112709.0;114073.66;0.44;0.41;0.33;0.03
'Alexander_the_Great'; 'Mesopotamia';2064;113391.33;145872.81;32481.48;259264.14;0.52;0.13;0.29;0.73
'Alexander_the_Great'; 'Nero';25;113391.33;124132.46;10741.13;237523.79;0.35;0.33;0.39;3.49
'Alexander_the_Great'; 'Romanization_of_Greek';330;113391.33;2439.0;110952.33;115830.33;0.25;0.21;0.54;3.86
'Alexander_the_Great'; 'Charisma';35;113391.33;11735.48;101655.85;125126.81;0.34;0.1;0.58;8.09
'Alexander_the_Great'; 'Robin_Lane_Fox';47;113391.33;1172.0;112219.33;114563.33;0.33;0.29;0.47;3.19
'Alexander_the_Great'; 'Roman_sculpture';14;113391.33;1913.33;111478.0;115304.66;0.46;0.13;0.43;4.73
'Alexander_the_Great'; 'Miletus';25;113391.33;9635.2;103756.13;123026.53;0.36;0.13;0.26;2.99
'Alexander_the_Great'; 'Claudius_Aelianus';11;113391.33;655.67;112735.66;114047.0;0.3;0.31;0.42;4.19
'Alexander_the_Great'; 'Speusippus';71;113391.33;692.63;112698.7;114083.96;0.32;0.3;0.44;2.47
'Alexander_the_Great'; 'Zeus';146;113391.33;124144.07;10752.74;237535.4;0.4;0.09;0.31;3.17
'Alexander_the_Great'; 'History_of_Macedonia_(ancient_kingdom)';39;113391.33;697.33;112694.0;114088.66;0.58;0.0;0.24;0.82
'Alexander_the_Great'; 'Medius_of_Larissa';1144;113391.33;375.33;113016.0;113766.66;0.32;0.56;0.38;0.22
'Alexander_the_Great'; 'Heterochromia_iridum';57;113391.33;18575.0;94816.33;131966.33;0.21;0.09;0.56;9.72
'Alexander_the_Great'; 'Catherine_the_Great';18;113391.33;47233.67;66157.66;160625.0;0.49;0.38;0.56;4.14
'Alexander_the_Great'; 'Ariobarzanes_of_Persis';17;113391.33;311.33;113080.0;113702.66;0.34;0.5;0.37;0.68
'Alexander_the_Great'; 'Ancient_Macedonian_army';119;113391.33;2887.33;110504.0;116278.66;0.62;0.09;0.26;0.07
'Alexander_the_Great'; 'Cleopatra_of_Macedon';318;113391.33;1458.33;111933.0;114849.66;0.43;0.52;0.29;0.71
'Alexander_the_Great'; 'Levant';57;113391.33;67163.16;46228.17;180554.49;0.36;0.22;0.33;2.88
'Alexander_the_Great'; 'Edicts_of_Ashoka';15;113391.33;7106.67;106284.66;120498.0;0.35;0.09;0.35;6.43
'Alexander_the_Great'; 'Danube';16;113391.33;65705.08;47686.25;179096.41;0.28;0.18;0.49;10.01
'Alexander_the_Great'; 'The_Virtues_of_War';23;113391.33;136.0;113255.33;113527.33;0.39;0.1;0.37;3.16
'Alexander_the_Great'; 'Sogdian_Rock';115;113391.33;487.0;112904.33;113878.33;0.43;0.09;0.26;1.24
'Alexander_the_Great'; 'Haemus_Mons';26;113391.33;239.33;113152.0;113630.66;0.16;0.22;0.46;5.48
'Alexander_the_Great'; 'Porus';2236;113391.33;79116.28;34275.05;192507.61;0.43;0.43;0.35;0.18
'Alexander_the_Great'; 'Triballi';30;113391.33;728.95;112662.38;114120.28;0.34;0.13;0.38;4.01
'Alexander_the_Great'; 'Greek_genocide';1206;113391.33;7309.0;106082.33;120700.33;0.46;0.06;0.4;2.25
'Alexander_the_Great'; 'Personal_relationships_of_Alexander_the_Great';466;113391.33;2858.67;110532.66;116250.0;0.76;0.13;0.31;0.3
'Alexander_the_Great'; 'Hoplite';45;113391.33;11831.58;101559.75;125222.91;0.4;0.11;0.33;3.5
'Alexander_the_Great'; 'Neoptolemus_I_of_Epirus';113;113391.33;320.33;113071.0;113711.66;0.23;0.85;0.32;0.92
'Alexander_the_Great'; 'Iliad';106;113391.33;64508.4;48882.93;177899.73;0.44;0.13;0.36;3.02
'Alexander_the_Great'; 'Corinth';16;113391.33;17347.27;96044.06;130738.6;0.24;0.13;0.36;8.66
'Alexander_the_Great'; 'Pharaoh';12;113391.33;46283.9;67107.43;159675.23;0.44;0.52;0.39;0.24
'Alexander_the_Great'; 'Greece';23;113391.33;192072.17;78680.84;305463.5;0.55;0.16;0.54;5.77
'Alexander_the_Great'; 'Cultural_depictions_of_Alexander_the_Great';279;113391.33;465.67;112925.66;113857.0;0.78;0.11;0.31;0.26
'Alexander_the_Great'; 'Qin_Shi_Huang';14;113391.33;24050.33;89341.0;137441.66;0.4;0.56;0.49;2.12
'Alexander_the_Great'; 'Siege_of_Miletus';127;113391.33;192.0;113199.33;113583.33;0.3;0.09;0.24;1.83
'Alexander_the_Great'; 'Pontic_Greeks';129;113391.33;3386.33;110005.0;116777.66;0.4;0.14;0.35;2.38
'Alexander_the_Great'; 'George_Washington';11;113391.33;163184.67;49793.34;276576.0;0.44;0.38;0.72;8.87
'Alexander_the_Great'; 'Primary_source';13;113391.33;9151.33;104240.0;122542.66;0.32;0.21;0.54;8.56
'Alexander_the_Great'; 'Opis';50;113391.33;984.17;112407.16;114375.5;0.33;0.13;0.34;3.28
'Alexander_the_Great'; 'Suda';18;113391.33;3616.92;109774.41;117008.25;0.34;0.12;0.39;5.96
'Alexander_the_Great'; 'Antigonid_dynasty';139;113391.33;1619.67;111771.66;115011.0;0.33;0.14;0.31;2.36
'Alexander_the_Great'; 'Sisygambis';334;113391.33;923.16;112468.17;114314.49;0.57;0.6;0.35;0.89
'Alexander_the_Great'; 'Greater_Iran';430;113391.33;3196.67;110194.66;116588.0;0.48;0.19;0.34;1.01
'Alexander_the_Great'; 'Mark_Antony';11;113391.33;27332.0;86059.33;140723.33;0.44;0.37;0.33;0.68
'Alexander_the_Great'; 'Indus_River';269;113391.33;22688.67;90702.66;136080.0;0.33;0.15;0.32;2.7
'Alexander_the_Great'; 'Lysippos';248;113391.33;1719.47;111671.86;115110.8;0.35;0.42;0.39;0.92
'Alexander_the_Great'; 'Macrinus';14;113391.33;5176.47;108214.86;118567.8;0.25;0.54;0.42;2.46
'Alexander_the_Great'; 'Macedonian_phalanx';212;113391.33;2125.0;111266.33;115516.33;0.43;0.11;0.32;1.78
'Alexander_the_Great'; 'Aristobulus_of_Cassandreia';33;113391.33;183.33;113208.0;113574.66;0.35;0.34;0.36;1.31
'Alexander_the_Great'; 'Marcus_Aurelius';16;113391.33;41067.67;72323.66;154459.0;0.31;0.56;0.38;1.0
'Alexander_the_Great'; 'Synoecism';19;113391.33;588.95;112802.38;113980.28;0.36;0.13;0.45;5.11
'Alexander_the_Great'; 'Cilicia';38;113391.33;8931.15;104460.18;122322.48;0.41;0.14;0.32;2.89
'Alexander_the_Great'; 'Alexandria';1177;113391.33;56390.27;57001.06;169781.6;0.44;0.12;0.35;1.95
'Alexander_the_Great'; 'Rack_(torture)';75;113391.33;12747.37;100643.96;126138.7;0.33;0.15;0.51;5.55
'Alexander_the_Great'; 'Platonic_Academy';66;113391.33;4042.33;109349.0;117433.66;0.46;0.1;0.39;3.07
'Alexander_the_Great'; 'Cleopatra_Eurydice_of_Macedon';619;113391.33;1177.0;112214.33;114568.33;0.38;0.29;0.3;0.56
'Alexander_the_Great'; 'Lysimachus_of_Acarnania';81;113391.33;61.0;113330.33;113452.33;0.25;0.42;0.43;1.39
'Alexander_the_Great'; 'Delphi';35;113391.33;35202.68;78188.65;148594.01;0.45;0.12;0.31;2.86
'Alexander_the_Great'; 'Attila';28;113391.33;74627.68;38763.65;188019.01;0.39;0.85;0.45;1.07
'Alexander_the_Great'; 'Ganges';24;113391.33;84187.8;29203.53;197579.13;0.41;0.14;0.49;7.21
'Alexander_the_Great'; 'Alexandropolis_Maedica';165;113391.33;199.67;113191.66;113591.0;0.31;0.13;0.46;2.94
'Alexander_the_Great'; 'Philip_(son_of_Machatas)';13;113391.33;190.33;113201.0;113581.66;0.41;0.5;0.42;0.83
'Alexander_the_Great'; 'Antiochus_IV_Epiphanes';29;113391.33;5678.33;107713.0;119069.66;0.32;0.88;0.35;2.03
'Alexander_the_Great'; 'Shahnameh';38;113391.33;8388.57;105002.76;121779.9;0.38;0.15;0.4;4.31
'Alexander_the_Great'; 'Battle_of_Chaeronea_(338_BC)';569;113391.33;2282.67;111108.66;115674.0;0.47;0.1;0.29;1.07
'Alexander_the_Great'; 'Joan_of_Arc';13;113391.33;60672.0;52719.33;174063.33;0.29;0.28;0.62;10.57
'Alexander_the_Great'; 'Colin_Farrell';42;113391.33;62330.0;51061.33;175721.33;0.33;0.33;0.6;5.9
'Alexander_the_Great'; 'British_Museum';22;113391.33;16001.33;97390.0;129392.66;0.52;0.14;0.43;4.01
'Alexander_the_Great'; 'Ancient_Greece';1982;113391.33;43249.33;70142.0;156640.66;0.6;0.09;0.23;0.17
'Alexander_the_Great'; 'Ancient_Egypt';446;113391.33;47790.33;65601.0;161181.66;0.53;0.14;0.3;0.83
'Alexander_the_Great'; 'Taxiles';211;113391.33;1442.16;111949.17;114833.49;0.4;0.45;0.31;0.14
'Alexander_the_Great'; 'House_of_the_Faun';27;113391.33;1341.0;112050.33;114732.33;0.36;0.15;0.38;3.93
'Alexander_the_Great'; 'Ephesus';63;113391.33;27991.37;85399.96;141382.7;0.42;0.13;0.33;2.96
'Alexander_the_Great'; 'Peter_the_Great';11;113391.33;26838.67;86552.66;140230.0;0.48;0.7;0.58;1.62
'Alexander_the_Great'; 'Spartacus';10;113391.33;94279.46;19111.87;207670.79;0.25;0.74;0.49;2.31
'Alexander_the_Great'; 'Byzantine_Greeks';11;113391.33;2027.33;111364.0;115418.66;0.48;0.41;0.39;0.86
'Alexander_the_Great'; 'Buner_District';12;113391.33;605.0;112786.33;113996.33;0.15;0.14;0.56;11.37
'Alexander_the_Great'; 'Thrace';514;113391.33;23304.39;90086.94;136695.72;0.35;0.15;0.28;1.81
'Alexander_the_Great'; 'Gangaridai';81;113391.33;1624.74;111766.59;115016.07;0.36;0.19;0.38;2.65
'Alexander_the_Great'; 'Bucephalus';563;113391.33;10715.04;102676.29;124106.37;0.42;0.2;0.33;1.31
'Alexander_the_Great'; 'Mostellaria';25;113391.33;506.32;112885.01;113897.65;0.18;0.11;0.53;8.32
'Alexander_the_Great'; 'Battle_of_the_Persian_Gate';329;113391.33;822.33;112569.0;114213.66;0.64;0.1;0.24;0.28
'Alexander_the_Great'; 'Mavroneri';231;113391.33;261.05;113130.28;113652.38;0.2;0.2;0.55;3.62
'Alexander_the_Great'; 'Greco-Persian_Wars';40;113391.33;11774.33;101617.0;125165.66;0.42;0.09;0.29;2.94
'Alexander_the_Great'; 'Battle_of_the_Hydaspes';1910;113391.33;9703.67;103687.66;123095.0;0.62;0.09;0.22;0.34
'Alexander_the_Great'; 'Alexander_I_of_Russia';21;113391.33;11929.33;101462.0;125320.66;0.67;0.65;0.6;0.49
'Alexander_the_Great'; 'Mount_Ossa_(Greece)';35;113391.33;866.09;112525.24;114257.42;0.12;0.19;0.44;6.84
'Alexander_the_Great'; 'Ancient_Egyptian_royal_titulary';1104;113391.33;1413.0;111978.33;114804.33;0.31;0.11;0.53;3.23
'Alexander_the_Great'; 'Siege_of_Halicarnassus';147;113391.33;350.67;113040.66;113742.0;0.45;0.09;0.23;0.7
'Alexander_the_Great'; 'Plato';45;113391.33;156016.96;42625.63;269408.29;0.36;0.35;0.34;1.73
'Alexander_the_Great'; 'Nine_Worthies';75;113391.33;2556.0;110835.33;115947.33;0.37;0.09;0.51;4.96
'Alexander_the_Great'; 'Siege_of_Pelium';109;113391.33;304.33;113087.0;113695.66;0.51;0.09;0.32;1.22
'Alexander_the_Great'; 'Vergina';47;113391.33;3367.89;110023.44;116759.22;0.47;0.13;0.31;1.83
'Alexander_the_Great'; 'Uzbekistan';13;113391.33;110738.46;2652.87;224129.79;0.34;0.16;0.51;10.66
'Alexander_the_Great'; 'Julius_Caesar';579;113391.33;136828.33;23437.0;250219.66;0.42;0.39;0.31;0.06
'Gaza_Strip'; 'Alexander_the_Great';28;44861.05;113391.33;68530.28;158252.38;0.27;0.16;0.53;9.22
'Salah_al-Din_Road'; 'Alexander_the_Great';11;118.33;113391.33;113273.0;113509.66;0.25;0.17;0.44;5.86
'Philip_II_of_Macedon'; 'Alexander_the_Great';3551;11860.0;113391.33;101531.33;125251.33;0.59;0.78;0.19;2.68
'Strychnine_poisoning'; 'Alexander_the_Great';32;2808.33;113391.33;110583.0;116199.66;0.26;0.08;0.79;10.6
'Christopher_Columbus'; 'Alexander_the_Great';10;167295.79;113391.33;53904.46;280687.12;0.44;0.36;0.52;5.84
'Trojan_War'; 'Alexander_the_Great';19;38047.33;113391.33;75344.0;151438.66;0.49;0.09;0.34;3.99
'Rosario_Dawson'; 'Alexander_the_Great';13;43587.67;113391.33;69803.66;156979.0;0.27;0.28;0.64;11.0
'Medusa'; 'Alexander_the_Great';26;93505.13;113391.33;19886.2;206896.46;0.33;0.07;0.48;9.89
'Second_Temple'; 'Alexander_the_Great';19;12503.33;113391.33;100888.0;125894.66;0.4;0.17;0.38;4.54
'Athenian_democracy'; 'Alexander_the_Great';24;12907.67;113391.33;100483.66;126299.0;0.51;0.14;0.39;3.32
'Philotas'; 'Alexander_the_Great';30;1145.0;113391.33;112246.33;114536.33;0.4;0.58;0.29;1.35
'Cyprus'; 'Alexander_the_Great';326;198432.74;113391.33;85041.41;311824.07;0.38;0.16;0.5;4.24
'Koine_Greek'; 'Alexander_the_Great';774;7660.33;113391.33;105731.0;121051.66;0.37;0.14;0.35;2.09
'Cleopatra_Eurydice_of_Macedon'; 'Alexander_the_Great';23;1177.0;113391.33;112214.33;114568.33;0.38;0.29;0.3;1.14
'Iraq'; 'Alexander_the_Great';22;117591.15;113391.33;4199.82;230982.48;0.46;0.16;0.55;7.35
'Aristotle_with_a_Bust_of_Homer'; 'Alexander_the_Great';13;383.67;113391.33;113007.66;113775.0;0.27;0.17;0.49;6.77
'Antigonid_dynasty'; 'Alexander_the_Great';76;1619.67;113391.33;111771.66;115011.0;0.33;0.14;0.31;2.69
'Sisygambis'; 'Alexander_the_Great';30;923.16;113391.33;112468.17;114314.49;0.57;0.6;0.35;1.51
'Siege_of_Cyropolis'; 'Alexander_the_Great';10;144.0;113391.33;113247.33;113535.33;0.39;0.09;0.25;2.51
'Jesus'; 'Alexander_the_Great';144;298018.1;113391.33;184626.77;411409.43;0.39;0.33;0.48;2.95
'Darial_Gorge'; 'Alexander_the_Great';23;510.0;113391.33;112881.33;113901.33;0.28;0.15;0.54;6.35
'Alexander_Helios'; 'Alexander_the_Great';93;1938.0;113391.33;111453.33;115329.33;0.36;0.88;0.37;1.3
'Bodrum'; 'Alexander_the_Great';12;4352.41;113391.33;109038.92;117743.74;0.23;0.13;0.37;8.96
'Jordan'; 'Alexander_the_Great';78;138213.79;113391.33;24822.46;251605.12;0.42;0.16;0.55;5.69
'Colonies_in_antiquity'; 'Alexander_the_Great';17;2541.67;113391.33;110849.66;115933.0;0.5;0.13;0.35;2.76
'Maccabees'; 'Alexander_the_Great';38;20369.29;113391.33;93022.04;133760.62;0.39;0.35;0.41;2.36
'Classical_Athens'; 'Alexander_the_Great';23;6060.0;113391.33;107331.33;119451.33;0.49;0.16;0.3;1.59
'Aconitum'; 'Alexander_the_Great';11;14040.53;113391.33;99350.8;127431.86;0.15;0.24;0.66;14.69
'Ivan_the_Terrible'; 'Alexander_the_Great';15;23652.33;113391.33;89739.0;137043.66;0.43;0.71;0.56;1.47
'Vergina'; 'Alexander_the_Great';29;3367.89;113391.33;110023.44;116759.22;0.47;0.13;0.31;2.1
'Ramesses_II'; 'Alexander_the_Great';21;28248.33;113391.33;85143.0;141639.66;0.39;0.23;0.4;4.32
'Book_of_Daniel'; 'Alexander_the_Great';12;8889.33;113391.33;104502.0;122280.66;0.5;0.15;0.43;4.89
'Fountain_of_Youth'; 'Alexander_the_Great';23;6512.0;113391.33;106879.33;119903.33;0.39;0.09;0.62;8.45
'War_elephant'; 'Alexander_the_Great';25;5844.33;113391.33;107547.0;119235.66;0.35;0.1;0.33;4.8
'Indian_Navy'; 'Alexander_the_Great';11;21901.0;113391.33;91490.33;135292.33;0.3;0.09;0.58;14.02
'Thracians'; 'Alexander_the_Great';85;21903.88;113391.33;91487.45;135295.21;0.44;0.13;0.31;2.2
'Eurydice_II_of_Macedon'; 'Alexander_the_Great';14;283.33;113391.33;113108.0;113674.66;0.42;0.43;0.3;0.39
'Demosthenes'; 'Alexander_the_Great';73;10845.93;113391.33;102545.4;124237.26;0.31;0.38;0.31;1.02
'Heracles_of_Macedon'; 'Alexander_the_Great';65;682.33;113391.33;112709.0;114073.66;0.44;0.41;0.33;0.05
'Mesopotamia'; 'Alexander_the_Great';1299;145872.81;113391.33;32481.48;259264.14;0.52;0.13;0.29;0.78
'Fourth_Crusade'; 'Alexander_the_Great';37;12042.33;113391.33;101349.0;125433.66;0.48;0.09;0.39;3.83
'Alexander_Gustafsson'; 'Alexander_the_Great';23;39236.0;113391.33;74155.33;152627.33;0.22;0.34;0.64;8.76
'Kalash_people'; 'Alexander_the_Great';69;6629.67;113391.33;106761.66;120021.0;0.35;0.13;0.46;4.83
'Sadducees'; 'Alexander_the_Great';15;7440.53;113391.33;105950.8;120831.86;0.3;0.09;0.42;8.85
'Qin_Shi_Huang'; 'Alexander_the_Great';16;24050.33;113391.33;89341.0;137441.66;0.4;0.56;0.49;2.02
'Siege_of_Tyre_(332_BC)'; 'Alexander_the_Great';230;3123.67;113391.33;110267.66;116515.0;0.58;0.09;0.24;0.06
'Artaxerxes_III'; 'Alexander_the_Great';13;1478.0;113391.33;111913.33;114869.33;0.36;0.85;0.28;3.75
'Gymnosophists'; 'Alexander_the_Great';12;957.89;113391.33;112433.44;114349.22;0.46;0.08;0.4;4.89
'Fergana_Valley'; 'Alexander_the_Great';24;2067.33;113391.33;111324.0;115458.66;0.43;0.21;0.42;3.28
'Battle_of_Ipsus'; 'Alexander_the_Great';17;1232.33;113391.33;112159.0;114623.66;0.43;0.1;0.29;2.77
'Rosetta_Stone'; 'Alexander_the_Great';99;33427.0;113391.33;79964.33;146818.33;0.42;0.09;0.42;4.32
'Gordian_Knot'; 'Alexander_the_Great';574;11994.67;113391.33;101396.66;125386.0;0.47;0.09;0.39;2.25
'League_of_Corinth'; 'Alexander_the_Great';91;1823.67;113391.33;111567.66;115215.0;0.3;0.09;0.23;2.47
'Tomb_of_Cyrus'; 'Alexander_the_Great';11;1504.33;113391.33;111887.0;114895.66;0.45;0.14;0.38;4.21
'Sati_(practice)'; 'Alexander_the_Great';14;17682.33;113391.33;95709.0;131073.66;0.41;0.43;0.53;4.06
'Antioch'; 'Alexander_the_Great';72;31288.5;113391.33;82102.83;144679.83;0.42;0.13;0.33;2.9
'Balochistan'; 'Alexander_the_Great';14;13740.18;113391.33;99651.15;127131.51;0.35;0.15;0.43;7.36
'Macedonia_(terminology)'; 'Alexander_the_Great';13;1084.66;113391.33;112306.67;114475.99;0.39;0.09;0.38;5.4
'Mongol_Empire'; 'Alexander_the_Great';21;36709.0;113391.33;76682.33;150100.33;0.4;0.14;0.38;5.31
'Amazons'; 'Alexander_the_Great';17;41365.87;113391.33;72025.46;154757.2;0.41;0.14;0.37;5.37
'Alternate_history'; 'Alexander_the_Great';31;7811.33;113391.33;105580.0;121202.66;0.5;0.18;0.57;4.85
'Skandor_Akbar'; 'Alexander_the_Great';24;1023.33;113391.33;112368.0;114414.66;0.18;0.43;0.66;5.7
'Kandahar'; 'Alexander_the_Great';90;16189.47;113391.33;97201.86;129580.8;0.36;0.13;0.43;4.5
'Attalus_(general)'; 'Alexander_the_Great';20;1203.54;113391.33;112187.79;114594.87;0.42;0.58;0.3;1.51
'Fidel_Castro'; 'Alexander_the_Great';34;51116.67;113391.33;62274.66;164508.0;0.32;0.3;0.69;7.66
'Taposiris_Magna'; 'Alexander_the_Great';29;549.0;113391.33;112842.33;113940.33;0.34;0.13;0.39;4.02
'Chandragupta_Maurya'; 'Alexander_the_Great';419;65626.0;113391.33;47765.33;179017.33;0.31;0.6;0.3;0.63
'Plovdiv'; 'Alexander_the_Great';29;17010.53;113391.33;96380.8;130401.86;0.35;0.11;0.47;7.1
'Seven_Wonders_of_the_Ancient_World'; 'Alexander_the_Great';274;39678.33;113391.33;73713.0;153069.66;0.38;0.21;0.35;2.13
'Greek_hero_cult'; 'Alexander_the_Great';31;1206.0;113391.33;112185.33;114597.33;0.41;0.1;0.41;4.08
'Caracalla'; 'Alexander_the_Great';10;12766.86;113391.33;100624.47;126158.19;0.34;0.59;0.38;0.35
'Alexander_Sarcophagus'; 'Alexander_the_Great';129;1141.0;113391.33;112250.33;114532.33;0.51;0.13;0.36;1.5
'Alexander_of_Greece'; 'Alexander_the_Great';33;3039.33;113391.33;110352.0;116430.66;0.58;0.71;0.48;0.68
'Ancient_Greek_literature'; 'Alexander_the_Great';16;3629.67;113391.33;109761.66;117021.0;0.58;0.21;0.37;1.43
'Greeks'; 'Alexander_the_Great';62;32703.6;113391.33;80687.73;146094.93;0.53;0.11;0.31;1.67
'Thessalonike_of_Macedon'; 'Alexander_the_Great';68;544.33;113391.33;112847.0;113935.66;0.45;0.42;0.35;0.15
'Lion-baiting'; 'Alexander_the_Great';19;575.79;113391.33;112815.54;113967.12;0.43;0.16;0.51;4.57
'Adolf_Hitler'; 'Alexander_the_Great';489;247531.33;113391.33;134140.0;360922.66;0.38;0.28;0.68;4.26
'Tajikistan'; 'Alexander_the_Great';20;71886.21;113391.33;41505.12;185277.54;0.34;0.16;0.46;7.98
'Parthia'; 'Alexander_the_Great';50;8949.66;113391.33;104441.67;122340.99;0.35;0.15;0.3;2.99
'Father_of_the_Nation'; 'Alexander_the_Great';158;4482.33;113391.33;108909.0;117873.66;0.37;0.13;0.51;4.1
'Batman_Province'; 'Alexander_the_Great';10;651.0;113391.33;112740.33;114042.33;0.24;0.15;0.59;10.33
'Amun'; 'Alexander_the_Great';37;22285.14;113391.33;91106.19;135676.47;0.38;0.1;0.41;5.63
'Roman_Kingdom'; 'Alexander_the_Great';11;10002.0;113391.33;103389.33;123393.33;0.43;0.16;0.5;7.43
'Herat_Citadel'; 'Alexander_the_Great';18;350.33;113391.33;113041.0;113741.66;0.19;0.17;0.46;6.83
'Nine_Worthies'; 'Alexander_the_Great';155;2556.0;113391.33;110835.33;115947.33;0.37;0.09;0.51;4.25
'Samarkand'; 'Alexander_the_Great';136;23652.52;113391.33;89738.81;137043.85;0.32;0.12;0.41;4.64
'Military_history'; 'Alexander_the_Great';11;3381.33;113391.33;110010.0;116772.66;0.56;0.17;0.41;3.15
'Prithviraj_Kapoor'; 'Alexander_the_Great';22;13075.67;113391.33;100315.66;126467.0;0.23;0.28;0.52;7.39
'Alexander_I_of_Russia'; 'Alexander_the_Great';16;11929.33;113391.33;101462.0;125320.66;0.67;0.65;0.6;0.54
'Mao_Zedong'; 'Alexander_the_Great';14;95008.42;113391.33;18382.91;208399.75;0.36;0.34;0.66;8.9
'The_Afghan_Campaign'; 'Alexander_the_Great';11;118.0;113391.33;113273.33;113509.33;0.36;0.13;0.41;4.55
'Golan_Heights'; 'Alexander_the_Great';239;11705.0;113391.33;101686.33;125096.33;0.32;0.14;0.48;4.3
'Jerusalem'; 'Alexander_the_Great';63;143925.0;113391.33;30533.67;257316.33;0.37;0.13;0.54;6.96
'Leochares'; 'Alexander_the_Great';15;467.37;113391.33;112923.96;113858.7;0.35;0.42;0.37;1.33
'Greek_fire'; 'Alexander_the_Great';20;13190.0;113391.33;100201.33;126581.33;0.4;0.13;0.49;6.88
'Helios'; 'Alexander_the_Great';10;35345.05;113391.33;78046.28;148736.38;0.49;0.09;0.34;5.07
'Temple_of_Artemis'; 'Alexander_the_Great';33;17627.33;113391.33;95764.0;131018.66;0.42;0.15;0.36;3.62
'Turkey'; 'Alexander_the_Great';573;298527.97;113391.33;185136.64;411919.3;0.49;0.16;0.6;3.71
'Coptic_language'; 'Alexander_the_Great';15;7843.67;113391.33;105547.66;121235.0;0.26;0.09;0.42;9.87
'Mausoleum_at_Halicarnassus'; 'Alexander_the_Great';45;20066.33;113391.33;93325.0;133457.66;0.36;0.13;0.36;4.42
'Kurdistan'; 'Alexander_the_Great';10;37004.55;113391.33;76386.78;150395.88;0.37;0.17;0.46;8.91
'Cappadocia'; 'Alexander_the_Great';23;38390.91;113391.33;75000.42;151782.24;0.34;0.12;0.34;5.84
'The_Battle_of_Alexander_at_Issus'; 'Alexander_the_Great';31;899.33;113391.33;112492.0;114290.66;0.61;0.17;0.38;1.18
'Transoxiana'; 'Alexander_the_Great';15;5749.71;113391.33;107641.62;119141.04;0.38;0.15;0.41;5.76
'Battle_of_the_Persian_Gate'; 'Alexander_the_Great';160;822.33;113391.33;112569.0;114213.66;0.64;0.1;0.24;0.32
'Battle_of_Plataea'; 'Alexander_the_Great';67;6146.67;113391.33;107244.66;119538.0;0.44;0.09;0.33;2.76
'Jared_Leto'; 'Alexander_the_Great';40;57438.33;113391.33;55953.0;170829.66;0.26;0.25;0.64;8.41
'Merong_Mahawangsa'; 'Alexander_the_Great';10;401.33;113391.33;112990.0;113792.66;0.17;0.41;0.52;5.84
'Khyber_Pakhtunkhwa'; 'Alexander_the_Great';12;11882.67;113391.33;101508.66;125274.0;0.42;0.13;0.51;8.18
'Pella_(regional_unit)'; 'Alexander_the_Great';11;235.67;113391.33;113155.66;113627.0;0.21;0.16;0.43;7.23
'Lahore'; 'Alexander_the_Great';17;52418.97;113391.33;60972.36;165810.3;0.3;0.12;0.58;11.99
'Syria'; 'Alexander_the_Great';18;131525.66;113391.33;18134.33;244916.99;0.43;0.16;0.52;7.89
'Western_philosophy'; 'Alexander_the_Great';27;8353.67;113391.33;105037.66;121745.0;0.4;0.1;0.55;7.16
'Hephaestion'; 'Alexander_the_Great';731;13039.39;113391.33;100351.94;126430.72;0.61;0.61;0.2;2.77
'Hisarlik'; 'Alexander_the_Great';38;3100.53;113391.33;110290.8;116491.86;0.36;0.13;0.43;4.75
'Ancient_Rome'; 'Alexander_the_Great';19;30030.0;113391.33;83361.33;143421.33;0.59;0.16;0.37;2.12
'Belisarius'; 'Alexander_the_Great';28;8655.17;113391.33;104736.16;122046.5;0.34;0.41;0.45;2.85
'World_domination'; 'Alexander_the_Great';13;1858.0;113391.33;111533.33;115249.33;0.45;0.09;0.56;7.4
'Seleucid_Empire'; 'Alexander_the_Great';675;14381.67;113391.33;99009.66;127773.0;0.48;0.14;0.2;0.13
'Rome'; 'Alexander_the_Great';11;129003.51;113391.33;15612.18;242394.84;0.49;0.14;0.68;11.61
'Eratosthenes'; 'Alexander_the_Great';36;24476.87;113391.33;88914.46;137868.2;0.35;0.29;0.36;2.75
'Partition_of_Babylon'; 'Alexander_the_Great';76;746.33;113391.33;112645.0;114137.66;0.55;0.09;0.29;0.87
'Astola_Island'; 'Alexander_the_Great';15;668.67;113391.33;112722.66;114060.0;0.23;0.16;0.45;7.23
'Tetradrachm'; 'Alexander_the_Great';31;1987.37;113391.33;111403.96;115378.7;0.27;0.09;0.36;5.84
'Hasmonean_dynasty'; 'Alexander_the_Great';16;4593.0;113391.33;108798.33;117984.33;0.45;0.16;0.35;3.27
'Acropolis'; 'Alexander_the_Great';15;11484.33;113391.33;101907.0;124875.66;0.3;0.15;0.41;7.68
'Darius_III'; 'Alexander_the_Great';1975;5470.0;113391.33;107921.33;118861.33;0.56;0.71;0.24;1.95
'King_(playing_card)'; 'Alexander_the_Great';105;3473.33;113391.33;109918.0;116864.66;0.18;0.15;0.63;7.24
'Amphipolis'; 'Alexander_the_Great';20;2820.11;113391.33;110571.22;116211.44;0.42;0.12;0.31;3.09
'Battle_of_Issus'; 'Alexander_the_Great';248;3329.33;113391.33;110062.0;116720.66;0.59;0.1;0.21;0.44
'Lysimachus'; 'Alexander_the_Great';65;4133.6;113391.33;109257.73;117524.93;0.38;0.71;0.25;2.45
'Jericho'; 'Alexander_the_Great';17;43642.2;113391.33;69749.13;157033.53;0.37;0.15;0.48;8.07
'Georgians'; 'Alexander_the_Great';36;11519.13;113391.33;101872.2;124910.46;0.34;0.13;0.5;6.65
'Stagira_(ancient_city)'; 'Alexander_the_Great';35;917.33;113391.33;112474.0;114308.66;0.28;0.13;0.38;4.69
'Alexandria_Ariana'; 'Alexander_the_Great';10;137.67;113391.33;113253.66;113529.0;0.38;0.13;0.45;5.09
'Thirty-first_Dynasty_of_Egypt'; 'Alexander_the_Great';102;782.33;113391.33;112609.0;114173.66;0.39;0.16;0.32;1.76
'Eumenes'; 'Alexander_the_Great';20;2069.29;113391.33;111322.04;115460.62;0.29;0.44;0.28;0.29
'Peripatetic_school'; 'Alexander_the_Great';37;3422.0;113391.33;109969.33;116813.33;0.32;0.1;0.41;5.56
'Gaza_City'; 'Alexander_the_Great';152;6224.33;113391.33;107167.0;119615.66;0.33;0.13;0.33;2.99
'Timeline_of_ancient_Greece'; 'Alexander_the_Great';39;2678.0;113391.33;110713.33;116069.33;0.28;0.09;0.27;4.18
'The_Man_Who_Would_Be_King'; 'Alexander_the_Great';11;3045.0;113391.33;110346.33;116436.33;0.37;0.09;0.53;9.4
'Timur'; 'Alexander_the_Great';10;59137.41;113391.33;54253.92;172528.74;0.4;0.92;0.36;4.58
'Scipio_Africanus'; 'Alexander_the_Great';106;10930.33;113391.33;102461.0;124321.66;0.37;0.43;0.42;1.42
'Amyntas_IV_of_Macedon'; 'Alexander_the_Great';26;315.0;113391.33;113076.33;113706.33;0.33;0.5;0.33;0.19
'Augustus'; 'Alexander_the_Great';130;137211.97;113391.33;23820.64;250603.3;0.41;0.38;0.32;0.39
'Charlemagne'; 'Alexander_the_Great';30;149675.0;113391.33;36283.67;263066.33;0.47;0.52;0.47;1.27
'Antiquities_of_the_Jews'; 'Alexander_the_Great';10;1810.67;113391.33;111580.66;115202.0;0.33;0.13;0.39;6.95
'Achilles'; 'Alexander_the_Great';121;112957.39;113391.33;433.94;226348.72;0.35;0.53;0.36;0.28
'Catherine_the_Great'; 'Alexander_the_Great';22;47233.67;113391.33;66157.66;160625.0;0.49;0.38;0.56;3.87
'The_Persian_Boy'; 'Alexander_the_Great';32;481.0;113391.33;112910.33;113872.33;0.43;0.09;0.33;2.63
'Wars_of_the_Diadochi'; 'Alexander_the_Great';279;2507.33;113391.33;110884.0;115898.66;0.44;0.1;0.23;0.78
'Ariobarzanes_of_Persis'; 'Alexander_the_Great';17;311.33;113391.33;113080.0;113702.66;0.34;0.5;0.37;0.68
'Widsith'; 'Alexander_the_Great';11;1287.37;113391.33;112103.96;114678.7;0.23;0.09;0.5;11.24
'Georgy_Zhukov'; 'Alexander_the_Great';16;19200.33;113391.33;94191.0;132591.66;0.3;0.6;0.64;4.77
'Arabization'; 'Alexander_the_Great';15;2994.74;113391.33;110396.59;116386.07;0.42;0.14;0.46;5.72
'Roman_emperor'; 'Alexander_the_Great';29;9804.67;113391.33;103586.66;123196.0;0.45;0.11;0.36;3.69
'Pompey'; 'Alexander_the_Great';343;38253.72;113391.33;75137.61;151645.05;0.41;0.36;0.3;0.18
'Merv'; 'Alexander_the_Great';18;5675.58;113391.33;107715.75;119066.91;0.36;0.11;0.39;6.05
'Fluellen'; 'Alexander_the_Great';11;421.05;113391.33;112970.28;113812.38;0.3;0.49;0.72;5.43
'Temple_in_Jerusalem'; 'Alexander_the_Great';31;9014.67;113391.33;104376.66;122406.0;0.39;0.17;0.45;4.89
'Diadochi'; 'Alexander_the_Great';506;7056.32;113391.33;106335.01;120447.65;0.64;0.09;0.22;0.51
'Ancient_Macedonian_army'; 'Alexander_the_Great';85;2887.33;113391.33;110504.0;116278.66;0.62;0.09;0.26;0.07
'Malacca_Sultanate'; 'Alexander_the_Great';10;3377.33;113391.33;110014.0;116768.66;0.32;0.13;0.51;9.79
'Depictions_of_Muhammad'; 'Alexander_the_Great';15;5392.33;113391.33;107999.0;118783.66;0.41;0.1;0.48;7.19
'Alexander_V_of_Macedon'; 'Alexander_the_Great';22;453.67;113391.33;112937.66;113845.0;0.4;0.88;0.39;1.55
'Memnon_of_Rhodes'; 'Alexander_the_Great';11;543.0;113391.33;112848.33;113934.33;0.44;0.54;0.29;1.75
'Jaffa'; 'Alexander_the_Great';16;17143.48;113391.33;96247.85;130534.81;0.33;0.12;0.47;8.83
'Mary_Renault'; 'Alexander_the_Great';17;1125.0;113391.33;112266.33;114516.33;0.35;0.29;0.35;2.42
'Macedonia_naming_dispute'; 'Alexander_the_Great';103;8171.0;113391.33;105220.33;121562.33;0.44;0.09;0.39;3.27
'Istanbul_Archaeology_Museums'; 'Alexander_the_Great';26;268.67;113391.33;113122.66;113660.0;0.36;0.2;0.41;3.09
'Canaan'; 'Alexander_the_Great';15;55228.83;113391.33;58162.5;168620.16;0.48;0.15;0.35;3.82
'Drypetis'; 'Alexander_the_Great';22;631.58;113391.33;112759.75;114022.91;0.33;0.6;0.33;0.47
'Lebanon'; 'Alexander_the_Great';20;172193.81;113391.33;58802.48;285585.14;0.37;0.16;0.59;9.81
'Bessus'; 'Alexander_the_Great';393;2557.06;113391.33;110834.27;115948.39;0.42;0.45;0.29;0.4
'Gates_of_Alexander'; 'Alexander_the_Great';196;1799.67;113391.33;111591.66;115191.0;0.45;0.09;0.39;2.39
'Pike_(weapon)'; 'Alexander_the_Great';15;11721.31;113391.33;101670.02;125112.64;0.38;0.15;0.49;7.53
'Luxor_Temple'; 'Alexander_the_Great';71;3448.0;113391.33;109943.33;116839.33;0.31;0.16;0.45;4.52
'Greece'; 'Alexander_the_Great';767;192072.17;113391.33;78680.84;305463.5;0.55;0.16;0.54;2.72
'Rohit_Purohit'; 'Alexander_the_Great';19;2856.33;113391.33;110535.0;116247.66;0.11;0.42;0.57;7.0
'Dionysius_I_of_Syracuse'; 'Alexander_the_Great';21;1076.0;113391.33;112315.33;114467.33;0.4;0.44;0.39;1.01
'Plutarch'; 'Alexander_the_Great';49;24830.71;113391.33;88560.62;138222.04;0.48;0.29;0.26;0.47
'Syr_Darya'; 'Alexander_the_Great';13;2137.0;113391.33;111254.33;115528.33;0.33;0.2;0.39;5.17
'Linothorax'; 'Alexander_the_Great';10;2036.32;113391.33;111355.01;115427.65;0.29;0.17;0.44;7.95
'Bagoas'; 'Alexander_the_Great';10;593.15;113391.33;112798.18;113984.48;0.27;0.49;0.34;1.18
'Chanakya'; 'Alexander_the_Great';18;46871.26;113391.33;66520.07;160262.59;0.24;0.28;0.38;6.08
'Epicurus'; 'Alexander_the_Great';20;18650.53;113391.33;94740.8;132041.86;0.32;0.34;0.41;3.86
'Peace_of_Antalcidas'; 'Alexander_the_Great';12;345.33;113391.33;113046.0;113736.66;0.44;0.09;0.37;4.0
'Mentor_of_Rhodes'; 'Alexander_the_Great';13;239.33;113391.33;113152.0;113630.66;0.31;0.58;0.35;0.07
'Gregorian_calendar'; 'Alexander_the_Great';13;35770.67;113391.33;77620.66;149162.0;0.37;0.09;0.5;10.48
'Baalbek'; 'Alexander_the_Great';18;13976.61;113391.33;99414.72;127367.94;0.42;0.12;0.4;5.52
'Rhacotis'; 'Alexander_the_Great';10;582.63;113391.33;112808.7;113973.96;0.43;0.13;0.41;4.83
'Jeddah'; 'Alexander_the_Great';23;31966.12;113391.33;81425.21;145357.45;0.28;0.13;0.57;10.49
'Timeline_of_LGBT_history'; 'Alexander_the_Great';12;6928.33;113391.33;106463.0;120319.66;0.5;0.08;0.4;5.32
'Battle_of_the_Granicus'; 'Alexander_the_Great';139;1869.33;113391.33;111522.0;115260.66;0.61;0.1;0.21;0.58
'Matter_of_Britain'; 'Alexander_the_Great';10;4215.67;113391.33;109175.66;117607.0;0.26;0.41;0.61;7.54
'Philip_III_of_Macedon'; 'Alexander_the_Great';913;2379.67;113391.33;111011.66;115771.0;0.53;0.91;0.25;2.31
'Elamite_language'; 'Alexander_the_Great';42;2075.67;113391.33;111315.66;115467.0;0.28;0.14;0.41;5.1
'Selim_I'; 'Alexander_the_Great';48;6498.67;113391.33;106892.66;119890.0;0.32;0.92;0.45;0.75
'French_campaign_in_Egypt_and_Syria'; 'Alexander_the_Great';70;4700.67;113391.33;108690.66;118092.0;0.48;0.1;0.45;3.52
'Inferno_(Dante)'; 'Alexander_the_Great';39;140302.63;113391.33;26911.3;253693.96;0.42;0.09;0.48;6.89
'Citron'; 'Alexander_the_Great';11;45479.62;113391.33;67911.71;158870.95;0.31;0.32;0.53;8.27
'Afghanistan'; 'Alexander_the_Great';380;191101.79;113391.33;77710.46;304493.12;0.42;0.16;0.5;3.76
'Peshawar'; 'Alexander_the_Great';10;20700.83;113391.33;92690.5;134092.16;0.33;0.14;0.45;9.89
'Plato'; 'Alexander_the_Great';48;156016.96;113391.33;42625.63;269408.29;0.36;0.35;0.34;1.7
'Shahnameh'; 'Alexander_the_Great';14;8388.57;113391.33;105002.76;121779.9;0.38;0.15;0.4;5.94
'Roman_triumph'; 'Alexander_the_Great';42;3744.0;113391.33;109647.33;117135.33;0.48;0.09;0.42;3.68
'Abraham_Lincoln'; 'Alexander_the_Great';10;181512.67;113391.33;68121.34;294904.0;0.41;0.35;0.69;9.76
'Battle_of_the_Hydaspes'; 'Alexander_the_Great';481;9703.67;113391.33;103687.66;123095.0;0.62;0.09;0.22;0.42
'Ephesus'; 'Alexander_the_Great';18;27991.37;113391.33;85399.96;141382.7;0.42;0.13;0.33;4.25
'Maccabean_Revolt'; 'Alexander_the_Great';24;4654.0;113391.33;108737.33;118045.33;0.4;0.09;0.35;4.47
'Paradise_Regained'; 'Alexander_the_Great';16;1884.67;113391.33;111506.66;115276.0;0.22;0.1;0.57;10.98
'Germanicus'; 'Alexander_the_Great';75;8768.97;113391.33;104622.36;122160.3;0.36;0.41;0.41;1.62
'Pope_John_Paul_II'; 'Alexander_the_Great';10;31862.0;113391.33;81529.33;145253.33;0.44;0.28;0.75;10.36
'Anatolia'; 'Alexander_the_Great';14;52805.83;113391.33;60585.5;166197.16;0.4;0.17;0.28;3.15
'Chares_of_Lindos'; 'Alexander_the_Great';10;268.0;113391.33;113123.33;113659.33;0.22;0.42;0.4;3.25
'Siege_of_Gaza'; 'Alexander_the_Great';90;438.33;113391.33;112953.0;113829.66;0.48;0.09;0.24;0.7
'Zoroaster'; 'Alexander_the_Great';21;33100.58;113391.33;80290.75;146491.91;0.4;0.29;0.36;2.63
'Molossians'; 'Alexander_the_Great';14;1776.84;113391.33;111614.49;115168.17;0.47;0.13;0.32;2.69
'Kiss_of_Judas'; 'Alexander_the_Great';24;3012.0;113391.33;110379.33;116403.33;0.28;0.1;0.57;8.86
'Antinous'; 'Alexander_the_Great';46;15455.73;113391.33;97935.6;128847.06;0.25;0.35;0.4;3.48
'Macedonia_(region)'; 'Alexander_the_Great';104;10807.21;113391.33;102584.12;124198.54;0.44;0.15;0.38;2.65
'Wiki'; 'Alexander_the_Great';24;631654.14;113391.33;518262.81;745045.47;0.29;0.09;0.87;15.75
'Sindh'; 'Alexander_the_Great';12;34176.52;113391.33;79214.81;147567.85;0.3;0.14;0.5;11.28
'Catalan_Atlas'; 'Alexander_the_Great';19;1158.67;113391.33;112232.66;114550.0;0.34;0.14;0.59;7.22
'Multan'; 'Alexander_the_Great';61;12505.98;113391.33;100885.35;125897.31;0.27;0.13;0.43;6.07
'Early_world_maps'; 'Alexander_the_Great';18;5777.33;113391.33;107614.0;119168.66;0.44;0.2;0.42;4.0
'Ptolemy_XII_Auletes'; 'Alexander_the_Great';106;2345.0;113391.33;111046.33;115736.33;0.32;0.78;0.4;0.44
'Taxiles'; 'Alexander_the_Great';11;1442.16;113391.33;111949.17;114833.49;0.4;0.45;0.31;0.31
'Alexandrine_parakeet'; 'Alexander_the_Great';23;2308.33;113391.33;111083.0;115699.66;0.23;0.26;0.47;5.85
'Hellenistic_Judaism'; 'Alexander_the_Great';77;3978.67;113391.33;109412.66;117370.0;0.45;0.11;0.35;2.51
'Cyrus_the_Great'; 'Alexander_the_Great';288;29158.0;113391.33;84233.33;142549.33;0.49;0.55;0.25;1.93
'Peritas'; 'Alexander_the_Great';40;431.05;113391.33;112960.28;113822.38;0.31;0.22;0.4;3.07
'Tower_of_Babel'; 'Alexander_the_Great';34;32750.33;113391.33;80641.0;146141.66;0.45;0.14;0.45;4.92
'Languages_of_the_Roman_Empire'; 'Alexander_the_Great';71;2830.33;113391.33;110561.0;116221.66;0.48;0.14;0.41;2.59
'Vergina_Sun'; 'Alexander_the_Great';40;1763.0;113391.33;111628.33;115154.33;0.34;0.13;0.36;3.84
'Nebuchadnezzar_II'; 'Alexander_the_Great';21;18293.33;113391.33;95098.0;131684.66;0.37;0.55;0.35;0.19
'Demetrius_I_of_Macedon'; 'Alexander_the_Great';129;1381.67;113391.33;112009.66;114773.0;0.37;0.91;0.3;1.99
'Ancient_Greek_art'; 'Alexander_the_Great';61;6607.33;113391.33;106784.0;119998.66;0.59;0.21;0.33;0.42
'Neo-Babylonian_Empire'; 'Alexander_the_Great';12;6085.0;113391.33;107306.33;119476.33;0.45;0.16;0.32;3.09
'Kabul'; 'Alexander_the_Great';20;34920.69;113391.33;78470.64;148312.02;0.33;0.12;0.42;7.83
'Frederick_the_Great'; 'Alexander_the_Great';12;23079.67;113391.33;90311.66;136471.0;0.44;0.3;0.58;6.62
'Gandhara'; 'Alexander_the_Great';42;17948.74;113391.33;95442.59;131340.07;0.47;0.14;0.29;1.74
'Ai-Khanoum'; 'Alexander_the_Great';10;1787.89;113391.33;111603.44;115179.22;0.39;0.13;0.33;4.62
'Wikipedia'; 'Alexander_the_Great';77;404632.57;113391.33;291241.24;518023.9;0.29;0.12;0.94;11.48
'9K720_Iskander'; 'Alexander_the_Great';26;4044.0;113391.33;109347.33;117435.33;0.21;0.12;0.73;11.41
'Oxyartes'; 'Alexander_the_Great';15;525.97;113391.33;112865.36;113917.3;0.34;0.4;0.32;0.86
'Babylonia'; 'Alexander_the_Great';22;40716.53;113391.33;72674.8;154107.86;0.48;0.22;0.29;0.99
'Phlegethon'; 'Alexander_the_Great';10;2266.84;113391.33;111124.49;115658.17;0.28;0.18;0.67;11.38
'Israel'; 'Alexander_the_Great';242;362410.43;113391.33;249019.1;475801.76;0.45;0.14;0.67;5.37
'Byzantium'; 'Alexander_the_Great';59;26902.54;113391.33;86488.79;140293.87;0.45;0.12;0.33;2.76
'Alexander_I_of_Macedon'; 'Alexander_the_Great';86;1241.33;113391.33;112150.0;114632.66;0.54;0.49;0.37;0.42
'Apis_(deity)'; 'Alexander_the_Great';12;5848.72;113391.33;107542.61;119240.05;0.36;0.1;0.4;7.46
'Midas'; 'Alexander_the_Great';28;28834.51;113391.33;84556.82;142225.84;0.32;0.55;0.43;1.63
'Peloponnesian_War'; 'Alexander_the_Great';207;31375.67;113391.33;82015.66;144767.0;0.43;0.1;0.3;2.14
'Ptolemaic_Kingdom'; 'Alexander_the_Great';408;11619.67;113391.33;101771.66;125011.0;0.52;0.16;0.25;0.12
'Albanian_lek'; 'Alexander_the_Great';41;1938.33;113391.33;111453.0;115329.66;0.14;0.09;0.53;9.77
'Battle_of_Chaeronea_(338_BC)'; 'Alexander_the_Great';187;2282.67;113391.33;111108.66;115674.0;0.47;0.1;0.29;1.3
'Parmenion'; 'Alexander_the_Great';94;1837.37;113391.33;111553.96;115228.7;0.51;0.58;0.26;1.94
'Epaminondas'; 'Alexander_the_Great';26;2902.31;113391.33;110489.02;116293.64;0.42;0.58;0.33;1.03
'Red_Sea'; 'Alexander_the_Great';34;17695.33;113391.33;95696.0;131086.66;0.35;0.16;0.44;5.62
'Diodorus_Siculus'; 'Alexander_the_Great';40;3057.33;113391.33;110334.0;116448.66;0.35;0.36;0.29;0.57
'Somatophylakes'; 'Alexander_the_Great';83;1078.95;113391.33;112312.38;114470.28;0.28;0.11;0.34;3.68
'Heterochromia_iridum'; 'Alexander_the_Great';29;18575.0;113391.33;94816.33;131966.33;0.21;0.09;0.56;11.67
'Western_culture'; 'Alexander_the_Great';30;15527.67;113391.33;97863.66;128919.0;0.58;0.12;0.42;3.04
'Siwa_Oasis'; 'Alexander_the_Great';39;13781.0;113391.33;99610.33;127172.33;0.33;0.12;0.39;5.49
'Genghis_Khan'; 'Alexander_the_Great';104;101913.33;113391.33;11478.0;215304.66;0.35;0.83;0.39;1.22
'The_Suicide_of_Saul'; 'Alexander_the_Great';13;311.0;113391.33;113080.33;113702.33;0.24;0.17;0.62;8.38
'Pericles'; 'Alexander_the_Great';48;43939.1;113391.33;69452.23;157330.43;0.36;0.52;0.34;0.0
'Scythians'; 'Alexander_the_Great';18;33211.68;113391.33;80179.65;146603.01;0.34;0.11;0.3;5.55
'Albania'; 'Alexander_the_Great';17;183933.63;113391.33;70542.3;297324.96;0.41;0.14;0.58;9.81
'Sacred_Band_of_Thebes'; 'Alexander_the_Great';33;5844.0;113391.33;107547.33;119235.33;0.47;0.11;0.34;2.85
'Macedonian_phalanx'; 'Alexander_the_Great';57;2125.0;113391.33;111266.33;115516.33;0.43;0.11;0.32;2.35
'Angelina_Jolie'; 'Alexander_the_Great';12;130267.33;113391.33;16876.0;243658.66;0.26;0.3;0.59;11.14
'Ancient_Corinth'; 'Alexander_the_Great';12;6254.67;113391.33;107136.66;119646.0;0.41;0.12;0.33;4.68
'Arno_Breker'; 'Alexander_the_Great';205;2058.0;113391.33;111333.33;115449.33;0.21;0.3;0.69;4.56
'Bangladesh'; 'Alexander_the_Great';26;291071.05;113391.33;177679.72;404462.38;0.4;0.15;0.76;10.74
'1_Maccabees'; 'Alexander_the_Great';12;3171.33;113391.33;110220.0;116562.66;0.34;0.15;0.42;6.8
'Ancient_Egypt'; 'Alexander_the_Great';834;47790.33;113391.33;65601.0;161181.66;0.53;0.14;0.3;0.76
'Perceforest'; 'Alexander_the_Great';10;667.89;113391.33;112723.44;114059.22;0.25;0.15;0.49;8.87
'Macedonia_(Greece)'; 'Alexander_the_Great';156;12521.74;113391.33;100869.59;125913.07;0.43;0.16;0.35;2.14
'Gallipoli'; 'Alexander_the_Great';18;20028.7;113391.33;93362.63;133420.03;0.42;0.14;0.47;6.57
'Megasthenes'; 'Alexander_the_Great';14;5913.68;113391.33;107477.65;119305.01;0.23;0.45;0.35;2.54
'Cynane'; 'Alexander_the_Great';23;745.26;113391.33;112646.07;114136.59;0.31;0.43;0.29;0.32
'Barsine'; 'Alexander_the_Great';61;791.91;113391.33;112599.42;114183.24;0.4;0.35;0.37;1.06
'Antigonus_I_Monophthalmus'; 'Alexander_the_Great';93;2755.67;113391.33;110635.66;116147.0;0.37;0.71;0.23;2.41
'Amu_Darya'; 'Alexander_the_Great';15;3688.67;113391.33;109702.66;117080.0;0.32;0.2;0.38;5.16
'Jews'; 'Alexander_the_Great';55;145562.16;113391.33;32170.83;258953.49;0.45;0.11;0.47;5.45
'Ancient_Greece'; 'Alexander_the_Great';2252;43249.33;113391.33;70142.0;156640.66;0.6;0.09;0.23;0.16
'Alexandria_Arachosia'; 'Alexander_the_Great';47;386.0;113391.33;113005.33;113777.33;0.28;0.13;0.38;3.89
'Gog_and_Magog'; 'Alexander_the_Great';329;15648.0;113391.33;97743.33;129039.33;0.35;0.1;0.4;3.6
'Hanging_Gardens_of_Babylon'; 'Alexander_the_Great';46;34483.0;113391.33;78908.33;147874.33;0.38;0.13;0.39;4.77
'Medieval_Greek'; 'Alexander_the_Great';53;2652.67;113391.33;110738.66;116044.0;0.43;0.14;0.39;3.01
'Smyrna'; 'Alexander_the_Great';54;16354.46;113391.33;97036.87;129745.79;0.4;0.15;0.41;4.06
'Parallel_Lives'; 'Alexander_the_Great';111;3724.0;113391.33;109667.33;117115.33;0.33;0.13;0.38;3.57
'Ancient_Macedonians'; 'Alexander_the_Great';90;2908.67;113391.33;110482.66;116300.0;0.6;0.13;0.22;0.65
'Campaspe'; 'Alexander_the_Great';16;775.0;113391.33;112616.33;114166.33;0.28;0.31;0.44;4.19
'Antiochus_IV_Epiphanes'; 'Alexander_the_Great';13;5678.33;113391.33;107713.0;119069.66;0.32;0.88;0.35;2.67
'Mumtaz_(actress)'; 'Alexander_the_Great';54;25494.35;113391.33;87896.98;138885.68;0.14;0.4;0.67;7.16
'Pausanias_of_Orestis'; 'Alexander_the_Great';63;1176.0;113391.33;112215.33;114567.33;0.35;0.33;0.32;1.03
'Macedonians_(Greeks)'; 'Alexander_the_Great';21;1711.71;113391.33;111679.62;115103.04;0.46;0.14;0.37;3.1
'Nader_Shah'; 'Alexander_the_Great';58;6317.33;113391.33;107074.0;119708.66;0.37;0.92;0.39;1.63
'Battle_of_Thebes'; 'Alexander_the_Great';86;722.0;113391.33;112669.33;114113.33;0.53;0.1;0.31;1.13
'Demetrius_I_of_Bactria'; 'Alexander_the_Great';20;1009.0;113391.33;112382.33;114400.33;0.4;0.55;0.32;0.81
'Porus'; 'Alexander_the_Great';650;79116.28;113391.33;34275.05;192507.61;0.43;0.43;0.35;0.21
'Halicarnassus'; 'Alexander_the_Great';36;4468.95;113391.33;108922.38;117860.28;0.39;0.12;0.32;3.24
'Etemenanki'; 'Alexander_the_Great';76;4628.42;113391.33;108762.91;118019.75;0.33;0.15;0.44;4.37
'Babylon'; 'Alexander_the_Great';212;127920.35;113391.33;14529.02;241311.68;0.42;0.13;0.23;1.04
'Nuristanis'; 'Alexander_the_Great';19;1550.53;113391.33;111840.8;114941.86;0.41;0.14;0.41;4.37
'Indus_Valley_Civilisation'; 'Alexander_the_Great';72;36556.33;113391.33;76835.0;149947.66;0.43;0.11;0.41;4.18
'Portrait_of_the_Four_Tetrarchs'; 'Alexander_the_Great';12;1031.0;113391.33;112360.33;114422.33;0.4;0.13;0.52;6.8
'Battle_of_Pydna'; 'Alexander_the_Great';14;1342.0;113391.33;112049.33;114733.33;0.41;0.1;0.37;4.75
'The_School_of_Athens'; 'Alexander_the_Great';68;17743.67;113391.33;95647.66;131135.0;0.43;0.12;0.46;4.45
'Bakshi_Banu_Begum'; 'Alexander_the_Great';11;911.0;113391.33;112480.33;114302.33;0.2;0.46;0.54;5.41
'King_Arthur'; 'Alexander_the_Great';11;56571.0;113391.33;56820.33;169962.33;0.38;0.4;0.55;6.2
'Coenus_(general)'; 'Alexander_the_Great';13;536.28;113391.33;112855.05;113927.61;0.34;0.58;0.31;0.82
'Alexandros_of_Antioch'; 'Alexander_the_Great';25;577.67;113391.33;112813.66;113969.0;0.21;0.42;0.52;3.9
'Nearchus'; 'Alexander_the_Great';17;878.42;113391.33;112512.91;114269.75;0.44;0.35;0.28;0.27
'Khidr'; 'Alexander_the_Great';22;6795.72;113391.33;106595.61;120187.05;0.39;0.33;0.46;3.46
'Xerxes_I'; 'Alexander_the_Great';113;19467.67;113391.33;93923.66;132859.0;0.42;0.55;0.3;1.09
'Maurya_Empire'; 'Alexander_the_Great';253;31107.0;113391.33;82284.33;144498.33;0.47;0.14;0.29;1.23
'Western_world'; 'Alexander_the_Great';10;18175.0;113391.33;95216.33;131566.33;0.55;0.09;0.42;5.58
'Alexander_I_of_Epirus'; 'Alexander_the_Great';72;455.33;113391.33;112936.0;113846.66;0.45;0.53;0.32;0.65
'Roman_portraiture'; 'Alexander_the_Great';12;888.0;113391.33;112503.33;114279.33;0.4;0.1;0.43;5.91
'Hindu_Kush'; 'Alexander_the_Great';50;10905.33;113391.33;102486.0;124296.66;0.38;0.17;0.36;3.33
'Macedonians_(ethnic_group)'; 'Alexander_the_Great';10;3966.33;113391.33;109425.0;117357.66;0.46;0.14;0.48;6.58
'Bible'; 'Alexander_the_Great';18;102622.41;113391.33;10768.92;216013.74;0.47;0.09;0.49;7.86
'Kingdom_of_Armenia_(antiquity)'; 'Alexander_the_Great';29;9013.39;113391.33;104377.94;122404.72;0.4;0.15;0.34;3.47
'Kazakhstan'; 'Alexander_the_Great';49;191619.66;113391.33;78228.33;305010.99;0.38;0.1;0.65;8.99
'Early_Muslim_conquests'; 'Alexander_the_Great';397;7572.0;113391.33;105819.33;120963.33;0.43;0.09;0.37;2.42
'Lists_of_emperors'; 'Alexander_the_Great';23;686.0;113391.33;112705.33;114077.33;0.16;0.6;0.53;3.05
'Napoleon_Crossing_the_Alps'; 'Alexander_the_Great';48;5083.33;113391.33;108308.0;118474.66;0.39;0.17;0.54;5.03
'Greco-Persian_Wars'; 'Alexander_the_Great';54;11774.33;113391.33;101617.0;125165.66;0.42;0.09;0.29;2.71
'Gangaridai'; 'Alexander_the_Great';18;1624.74;113391.33;111766.59;115016.07;0.36;0.19;0.38;4.03
'Cassander'; 'Alexander_the_Great';170;5914.45;113391.33;107476.88;119305.78;0.5;0.92;0.25;3.29
'Sang_Nila_Utama'; 'Alexander_the_Great';39;1244.0;113391.33;112147.33;114635.33;0.27;0.19;0.5;5.31
'Sparta'; 'Alexander_the_Great';19;41844.0;113391.33;71547.33;155235.33;0.47;0.12;0.27;2.19
'Tutankhamun'; 'Alexander_the_Great';14;91936.99;113391.33;21454.34;205328.32;0.41;0.69;0.45;0.0
'Pakistan'; 'Alexander_the_Great';52;386589.38;113391.33;273198.05;499980.71;0.41;0.16;0.58;6.76
'Parysatis_II'; 'Alexander_the_Great';41;1376.33;113391.33;112015.0;114767.66;0.44;0.6;0.34;0.92
'Alexander_Mosaic'; 'Alexander_the_Great';241;2064.33;113391.33;111327.0;115455.66;0.55;0.12;0.37;1.33
'Philip_I_of_Macedon'; 'Alexander_the_Great';18;327.0;113391.33;113064.33;113718.33;0.33;0.52;0.44;1.43
'Ptolemy'; 'Alexander_the_Great';73;43671.68;113391.33;69719.65;157063.01;0.41;0.29;0.37;1.96
'Philip_V_of_Macedon'; 'Alexander_the_Great';43;1320.0;113391.33;112071.33;114711.33;0.47;0.88;0.33;2.45
'Shamsuddin_Ilyas_Shah'; 'Alexander_the_Great';25;393.67;113391.33;112997.66;113785.0;0.17;0.52;0.47;2.75
'Corinthian_War'; 'Alexander_the_Great';58;1773.0;113391.33;111618.33;115164.33;0.44;0.1;0.33;2.42
'Partition_of_Triparadisus'; 'Alexander_the_Great';29;371.33;113391.33;113020.0;113762.66;0.52;0.09;0.32;1.66
'Jauhar'; 'Alexander_the_Great';10;13573.68;113391.33;99817.65;126965.01;0.35;0.43;0.5;4.83
'Seder_Olam_Rabbah'; 'Alexander_the_Great';11;308.33;113391.33;113083.0;113699.66;0.15;0.13;0.46;9.88
'Jewish_diaspora'; 'Alexander_the_Great';13;12331.33;113391.33;101060.0;125722.66;0.44;0.09;0.38;5.93
'Kalanos'; 'Alexander_the_Great';19;398.95;113391.33;112992.38;113790.28;0.5;0.28;0.36;0.99
'Siege_of_Miletus'; 'Alexander_the_Great';13;192.0;113391.33;113199.33;113583.33;0.3;0.09;0.24;3.47
'Susa'; 'Alexander_the_Great';26;11417.09;113391.33;101974.24;124808.42;0.38;0.13;0.26;2.69
'Seleucid–Mauryan_war'; 'Alexander_the_Great';18;5440.74;113391.33;107950.59;118832.07;0.35;0.1;0.34;5.5
'Taxila'; 'Alexander_the_Great';70;21426.67;113391.33;91964.66;134818.0;0.33;0.12;0.33;4.09
'Justinian_I'; 'Alexander_the_Great';14;18485.0;113391.33;94906.33;131876.33;0.42;0.38;0.4;2.24
'Atropatene'; 'Alexander_the_Great';10;1186.78;113391.33;112204.55;114578.11;0.33;0.15;0.38;6.08
'Ashkenazi_Jews'; 'Alexander_the_Great';130;59743.67;113391.33;53647.66;173135.0;0.4;0.11;0.48;4.93
'Battle_of_Megalopolis'; 'Alexander_the_Great';30;410.33;113391.33;112981.0;113801.66;0.39;0.1;0.35;3.17
'Marcus_Aurelius'; 'Alexander_the_Great';23;41067.67;113391.33;72323.66;154459.0;0.31;0.56;0.38;0.89
'Babylonian_astronomical_diaries'; 'Alexander_the_Great';14;190.0;113391.33;113201.33;113581.33;0.24;0.2;0.5;6.08
'Amyntas_III_of_Macedon'; 'Alexander_the_Great';27;706.67;113391.33;112684.66;114098.0;0.37;0.52;0.32;0.33
'Timeline_of_ancient_history'; 'Alexander_the_Great';43;8971.0;113391.33;104420.33;122362.33;0.23;0.09;0.34;6.69
'Heidelberg_United_FC'; 'Alexander_the_Great';20;911.67;113391.33;112479.66;114303.0;0.4;0.09;0.78;8.36
'Rabbinic_Judaism'; 'Alexander_the_Great';24;3367.0;113391.33;110024.33;116758.33;0.37;0.09;0.45;6.2
'Wars_of_Alexander_the_Great'; 'Alexander_the_Great';1212;6170.67;113391.33;107220.66;119562.0;0.86;0.1;0.17;1.94
'Pankration'; 'Alexander_the_Great';14;9937.89;113391.33;103453.44;123329.22;0.42;0.08;0.47;7.84
'White_people'; 'Alexander_the_Great';23;25374.33;113391.33;88017.0;138765.66;0.5;0.13;0.58;6.69
'Hera'; 'Alexander_the_Great';11;55810.83;113391.33;57580.5;169202.16;0.36;0.08;0.37;9.2
'Pteruges'; 'Alexander_the_Great';11;931.05;113391.33;112460.28;114322.38;0.2;0.17;0.49;9.5
'Ptolemy_II_Philadelphus'; 'Alexander_the_Great';128;2491.33;113391.33;110900.0;115882.66;0.38;0.88;0.31;1.94
'Ada_of_Caria'; 'Alexander_the_Great';30;375.0;113391.33;113016.33;113766.33;0.37;0.28;0.36;1.79
'Bagoas_(courtier)'; 'Alexander_the_Great';80;2173.08;113391.33;111218.25;115564.41;0.31;0.35;0.35;1.53
'Ptolemaic_dynasty'; 'Alexander_the_Great';345;7869.0;113391.33;105522.33;121260.33;0.25;0.16;0.29;2.7
'Polyperchon'; 'Alexander_the_Great';16;586.84;113391.33;112804.49;113978.17;0.36;0.63;0.3;1.43
'Thaïs'; 'Alexander_the_Great';42;3160.0;113391.33;110231.33;116551.33;0.39;0.31;0.39;2.02
'Zoroastrianism'; 'Alexander_the_Great';36;273735.43;113391.33;160344.1;387126.76;0.42;0.08;0.3;4.03
'Prem_Chopra'; 'Alexander_the_Great';45;7896.67;113391.33;105494.66;121288.0;0.21;0.42;0.68;5.85
'Alexander_IV_of_Macedon'; 'Alexander_the_Great';1163;5390.0;113391.33;108001.33;118781.33;0.55;0.88;0.25;2.4
'25th_Golden_Raspberry_Awards'; 'Alexander_the_Great';18;397.67;113391.33;112993.66;113789.0;0.22;0.1;0.47;7.77
'Samaritan_High_Priest'; 'Alexander_the_Great';14;228.67;113391.33;113162.66;113620.0;0.16;0.42;0.62;5.65
'Cleopatra_of_Macedon'; 'Alexander_the_Great';315;1458.33;113391.33;111933.0;114849.66;0.43;0.52;0.29;0.71
'Colin_Farrell'; 'Alexander_the_Great';204;62330.0;113391.33;51061.33;175721.33;0.33;0.33;0.6;4.15
'Euclid'; 'Alexander_the_Great';20;49198.21;113391.33;64193.12;162589.54;0.25;0.3;0.43;6.3
'Bucephalus'; 'Alexander_the_Great';316;10715.04;113391.33;102676.29;124106.37;0.42;0.2;0.33;1.44
'Julius_Caesar'; 'Alexander_the_Great';207;136828.33;113391.33;23437.0;250219.66;0.42;0.39;0.31;0.07
'Ecbatana'; 'Alexander_the_Great';11;2636.32;113391.33;110755.01;116027.65;0.38;0.13;0.35;5.22
'Macedonia_(ancient_kingdom)'; 'Alexander_the_Great';3406;13335.0;113391.33;100056.33;126726.33;0.63;0.14;0.15;1.37
'Sogdian_Rock'; 'Alexander_the_Great';34;487.0;113391.33;112904.33;113878.33;0.43;0.09;0.26;1.67
'Ammon'; 'Alexander_the_Great';26;9480.36;113391.33;103910.97;122871.69;0.35;0.14;0.41;5.62
'Beas_River'; 'Alexander_the_Great';42;3067.0;113391.33;110324.33;116458.33;0.25;0.15;0.38;5.24
'Arrian'; 'Alexander_the_Great';38;2946.84;113391.33;110444.49;116338.17;0.47;0.41;0.25;1.4
'Olympias'; 'Alexander_the_Great';447;11878.07;113391.33;101513.26;125269.4;0.47;0.35;0.24;0.78
'Temenus'; 'Alexander_the_Great';13;451.05;113391.33;112940.28;113842.38;0.32;0.55;0.4;0.98
'Sasanian_Empire'; 'Alexander_the_Great';32;15744.67;113391.33;97646.66;129136.0;0.52;0.14;0.28;1.06
'Nubians'; 'Alexander_the_Great';11;13933.08;113391.33;99458.25;127324.41;0.35;0.13;0.51;10.06
'Paul_the_Apostle'; 'Alexander_the_Great';47;47805.33;113391.33;65586.0;161196.66;0.46;0.28;0.42;2.54
'Pergamon'; 'Alexander_the_Great';14;12002.33;113391.33;101389.0;125393.66;0.39;0.13;0.32;4.64
'Expeditionary_warfare'; 'Alexander_the_Great';16;2500.0;113391.33;110891.33;115891.33;0.19;0.1;0.58;12.21
'Early_Christianity'; 'Alexander_the_Great';45;9317.0;113391.33;104074.33;122708.33;0.54;0.11;0.43;3.2
'Ancient_history_of_Cyprus'; 'Alexander_the_Great';10;714.0;113391.33;112677.33;114105.33;0.5;0.11;0.36;3.4
'Antakya'; 'Alexander_the_Great';10;4586.86;113391.33;108804.47;117978.19;0.29;0.12;0.46;10.17
'Constantine_XI_Palaiologos'; 'Alexander_the_Great';25;6341.0;113391.33;107050.33;119732.33;0.37;0.52;0.45;1.58
'Kingdom_of_Judah'; 'Alexander_the_Great';56;9900.67;113391.33;103490.66;123292.0;0.43;0.16;0.4;3.29
'Mike_Tyson'; 'Alexander_the_Great';66;112527.67;113391.33;863.66;225919.0;0.28;0.31;0.81;8.25
'Xenophon'; 'Alexander_the_Great';47;18908.47;113391.33;94482.86;132299.8;0.39;0.33;0.31;0.9
'Personal_relationships_of_Alexander_the_Great'; 'Alexander_the_Great';186;2858.67;113391.33;110532.66;116250.0;0.76;0.13;0.31;0.35
'Basil_II'; 'Alexander_the_Great';16;5437.0;113391.33;107954.33;118828.33;0.42;0.71;0.4;1.04
'Craterus'; 'Alexander_the_Great';49;1291.81;113391.33;112099.52;114683.14;0.35;0.56;0.26;1.23
'Thessaloniki'; 'Alexander_the_Great';152;52269.42;113391.33;61121.91;165660.75;0.41;0.13;0.48;4.4
'Shade_(mythology)'; 'Alexander_the_Great';12;3235.14;113391.33;110156.19;116626.47;0.31;0.08;0.54;10.76
'Late_Period_of_ancient_Egypt'; 'Alexander_the_Great';54;1578.67;113391.33;111812.66;114970.0;0.41;0.09;0.4;3.62
'Molossus_(dog)'; 'Alexander_the_Great';23;10524.35;113391.33;102866.98;123915.68;0.25;0.11;0.43;8.69
'Indo-Greek_Kingdom'; 'Alexander_the_Great';46;6086.67;113391.33;107304.66;119478.0;0.55;0.16;0.28;0.43
'Greek_language'; 'Alexander_the_Great';27;33537.33;113391.33;79854.0;146928.66;0.41;0.14;0.42;5.39
'Lamian_War'; 'Alexander_the_Great';28;577.67;113391.33;112813.66;113969.0;0.42;0.1;0.33;2.8
'King_of_Kings'; 'Alexander_the_Great';34;3372.67;113391.33;110018.66;116764.0;0.45;0.61;0.36;0.91
'Hannibal'; 'Alexander_the_Great';2215;71440.18;113391.33;41951.15;184831.51;0.42;0.49;0.37;0.12
'Caligula'; 'Alexander_the_Great';110;103439.82;113391.33;9951.51;216831.15;0.25;0.35;0.4;3.31
'Ottoman_Empire'; 'Alexander_the_Great';24;110203.33;113391.33;3188.0;223594.66;0.43;0.14;0.52;7.49
'Nanda_Empire'; 'Alexander_the_Great';89;7291.33;113391.33;106100.0;120682.66;0.33;0.14;0.36;3.65
'Antipater'; 'Alexander_the_Great';105;3927.56;113391.33;109463.77;117318.89;0.48;0.6;0.25;2.14
'Turkish_people'; 'Alexander_the_Great';11;11590.67;113391.33;101800.66;124982.0;0.38;0.13;0.46;8.35
'Siege_of_Pelium'; 'Alexander_the_Great';17;304.33;113391.33;113087.0;113695.66;0.51;0.09;0.32;2.03
'Second_War_of_the_Diadochi'; 'Alexander_the_Great';12;109.33;113391.33;113282.0;113500.66;0.33;0.09;0.31;3.96
'Persepolis'; 'Alexander_the_Great';259;29453.68;113391.33;83937.65;142845.01;0.46;0.12;0.3;1.6
'Roman_Empire'; 'Alexander_the_Great';110;87631.33;113391.33;25760.0;201022.66;0.57;0.14;0.35;1.52
'Ashoka'; 'Alexander_the_Great';20;109081.82;113391.33;4309.51;222473.15;0.34;0.55;0.35;0.11
'Battle_of_Thermopylae'; 'Alexander_the_Great';101;32616.67;113391.33;80774.66;146008.0;0.48;0.09;0.34;2.62
'Perdiccas_I_of_Macedon'; 'Alexander_the_Great';17;307.33;113391.33;113084.0;113698.66;0.36;0.52;0.41;0.89
'Ptolemy_I_Soter'; 'Alexander_the_Great';1392;11266.0;113391.33;102125.33;124657.33;0.44;0.63;0.2;2.03
'Sam_Heughan'; 'Alexander_the_Great';75;85451.0;113391.33;27940.33;198842.33;0.19;0.33;0.82;8.79
'Claire_Bloom'; 'Alexander_the_Great';11;7366.33;113391.33;106025.0;120757.66;0.34;0.39;0.57;6.18
'Invasions_of_Afghanistan'; 'Alexander_the_Great';94;1750.0;113391.33;111641.33;115141.33;0.44;0.08;0.39;2.94
'Attila'; 'Alexander_the_Great';20;74627.68;113391.33;38763.65;188019.01;0.39;0.85;0.45;1.19
'Roman_Republic'; 'Alexander_the_Great';118;30949.67;113391.33;82441.66;144341.0;0.58;0.16;0.27;0.0
'Land_of_Darkness'; 'Alexander_the_Great';15;225.33;113391.33;113166.0;113616.66;0.29;0.22;0.47;4.86
'Phoenicia'; 'Alexander_the_Great';79;62824.58;113391.33;50566.75;176215.91;0.46;0.13;0.3;2.04
'Patroclus'; 'Alexander_the_Great';108;15183.33;113391.33;98208.0;128574.66;0.24;0.43;0.44;2.66
'Hypereides'; 'Alexander_the_Great';11;468.95;113391.33;112922.38;113860.28;0.35;0.35;0.39;2.53
'Pythagoras'; 'Alexander_the_Great';14;87095.83;113391.33;26295.5;200487.16;0.29;0.28;0.37;5.7
'Gedrosia'; 'Alexander_the_Great';20;1331.58;113391.33;112059.75;114722.91;0.4;0.22;0.33;2.24
'Cleopatra'; 'Alexander_the_Great';22745;189619.3;113391.33;76227.97;303010.63;0.33;0.78;0.33;0.78
'Alexander_(2004_film)'; 'Alexander_the_Great';1089;11083.33;113391.33;102308.0;124474.66;0.6;0.11;0.3;0.43
'Battle_of_Leuctra'; 'Alexander_the_Great';33;3423.0;113391.33;109968.33;116814.33;0.39;0.1;0.34;3.79
'Nero'; 'Alexander_the_Great';11;124132.46;113391.33;10741.13;237523.79;0.35;0.33;0.39;4.68
'Jewish_history'; 'Alexander_the_Great';14;8977.67;113391.33;104413.66;122369.0;0.46;0.09;0.4;5.63
'Seleucus_I_Nicator'; 'Alexander_the_Great';368;8152.0;113391.33;105239.33;121543.33;0.37;0.63;0.21;1.99
'Skanderbeg'; 'Alexander_the_Great';65;21916.57;113391.33;91474.76;135307.9;0.35;0.74;0.51;0.73
'Judea'; 'Alexander_the_Great';30;16900.0;113391.33;96491.33;130291.33;0.39;0.12;0.36;4.56
'Khewra_Salt_Mine'; 'Alexander_the_Great';37;2521.0;113391.33;110870.33;115912.33;0.25;0.16;0.47;6.21
'Alexandria'; 'Alexander_the_Great';2656;56390.27;113391.33;57001.06;169781.6;0.44;0.12;0.35;1.75